,wav,sigma_wav,separation,intensity,sigma_intensity,label,number_of_lines,clean,subline_wav,subline_I,err_important,transmission
0,1492.7297656602077,0.000708289718366194,0.4657608569364129,0.04992743185415389,0.03107298165468825,CH4|H20|CO2|CO2|H20|CO2|CO2|H20|H20|CH4|CO2,11,False,"[1492.80826927 1492.79069616 1492.78646217 1492.74503603 1492.72942437
 1492.72135239 1492.71724735 1492.71503564 1492.67014815 1492.66503655
 1492.598874  ]","[0.0538 0.0823 0.0537 0.0409 0.3198 0.1141 0.0382 0.0131 0.0141 0.1298
 0.1402]",0.06315241552101188,0.9189924163928863
1,1493.1955265171441,0.001158518542596224,0.3016314727792633,0.04668763371829954,0.012721629824312236,(3-1)rR2e(0.5)|(3-1)rR2f(0.5)|CH4|CH4|CH4|CH4|CH4,7,False,"[1493.19675736 1493.17937656 1493.29561786 1493.23489929 1493.23211211
 1493.22245738 1493.17875628]",[0.3547 0.3548 0.0614 0.0392 0.0166 0.0133 0.16  ],0.0321164974890044,0.9385018512848186
2,1493.4971579899234,0.000838771675258212,0.3016314727792633,0.08052788146247623,0.06274298064920984,CO2|CO2|CO2|CH4|CO2|H20|CH4,7,False,"[1493.55128384 1493.54291454 1493.52856522 1493.51375935 1493.46786049
 1493.45008449 1493.43118772]",[0.1177 0.0178 0.3537 0.0254 0.0395 0.3023 0.1437],0.06650627256797874,0.9463242529058399
3,1494.268437472019,0.0008278912792111779,0.7712794820956788,0.007292242756848245,0.0027350771640901553,(2-0)pQ12f(4.5)|CO2|CH4|CO2|CH4|CH4|CO2|CO2|CH4|CH4,10,False,"[1494.20899308 1494.40388411 1494.34949099 1494.3121048  1494.30556759
 1494.27086836 1494.23543283 1494.23083273 1494.19861698 1494.17417009]",[0.034  0.1247 0.0607 0.0212 0.0118 0.5996 0.0215 0.0273 0.0155 0.0838],0.06611903608779478,0.9341392130592877
4,1495.5858269490768,0.0007082897183351984,0.46317631871534104,0.015355130080935617,0.0059180140924275605,CH4,1,True,[1495.58560709],[1.],0.04919689699640642,0.9275173541652513
5,1496.0490032677922,0.0007237264062890955,0.46317631871534104,0.03128706249770626,0.026898836903860055,CO2|CO2|CO2|CO2|CH4,5,False,[1496.22486278 1496.05590093 1496.05470014 1495.99198092 1495.92095266],[0.2566 0.0121 0.5391 0.0162 0.1761],0.06589256142643694,0.9449538214811566
6,1497.043608231936,0.0007164688545526856,0.49992710736000845,0.011612462177691789,0.004406078688573975,CH4|CH4|CH4|CO2|H20|CO2|H20|CH4|H20,9,False,"[1497.14577393 1497.09426728 1497.05087714 1497.04712634 1497.03066124
 1497.03037998 1497.01982896 1496.92907993 1496.91847857]",[0.0252 0.3066 0.0071 0.0287 0.0091 0.3037 0.0077 0.0634 0.2485],0.06468102409547975,0.9460925032967556
7,1497.543535339296,0.0007237264063044794,0.32580095695470845,0.0062014298022999206,0.0023116385843831464,H20|H20|CO2|CH4|CH4|CH4|CH4|CO2|CO2|CH4|H20|H20|CO2,13,False,"[1497.69396204 1497.63084826 1497.60201883 1497.59256006 1497.57349664
 1497.55306568 1497.52741003 1497.51116804 1497.50636386 1497.48675301
 1497.45866059 1497.45195298 1497.41953607]","[0.1304 0.0286 0.0285 0.0211 0.0084 0.5063 0.0189 0.0143 0.0165 0.0246
 0.0471 0.0214 0.1339]",0.08826584778662185,0.9116196676623667
8,1497.8693362962508,0.0008309378405126708,0.32580095695470845,0.022777637653679027,0.008831132121803921,CO2|H20|CO2|CO2|CH4|CO2|CH4|CH4,8,False,"[1497.89920775 1497.88637388 1497.87894672 1497.87052638 1497.85187072
 1497.81972254 1497.81873407 1497.80852639]",[0.4277 0.1546 0.0719 0.0151 0.052  0.0373 0.0414 0.1999],0.0526761824904022,0.9439493391536486
9,1498.2865728360316,0.0007272094854988812,0.35044372714742167,0.01559379391359724,0.00583391493965561,CH4|CH4|CO2|CH4|CH4|CO2|CH4,7,False,"[1498.40347357 1498.39855657 1498.36805079 1498.29113154 1498.28771934
 1498.28639981 1498.26336294]",[0.1322 0.1427 0.0359 0.1491 0.11   0.0096 0.4204],0.0793382156299751,0.9425999271965668
10,1498.637016563179,0.0007190863734293716,0.35044372714742167,0.04003886272677425,0.022809452856247865,CO2|CH4|CH4|CO2|H20|CO2|H20|CO2|CO2|H20|CO2|CH4,12,False,"[1498.70344355 1498.70257318 1498.69046675 1498.68250693 1498.64392709
 1498.61379737 1498.61363343 1498.60175571 1498.58131218 1498.56637003
 1498.54664607 1498.53682864]","[0.0137 0.0378 0.1064 0.1582 0.2448 0.0314 0.0771 0.0099 0.0885 0.0664
 0.0968 0.069 ]",0.047888544842273645,0.909500326643032
11,1499.0163384962386,0.0007191525160591719,0.37932193305960027,0.018475402574493077,0.006894678257846805,CO2|H20|CO2|CO2|CO2|CH4|CO2|CO2|CH4|CO2|CH4|CO2|CH4|CO2|CH4,15,False,"[1499.16263491 1499.12276553 1499.11620751 1499.0956187  1499.05139114
 1499.04900331 1499.0474193  1499.02850668 1499.01603838 1499.00678688
 1498.98300748 1498.95781892 1498.957168   1498.95619174 1498.90151504]","[0.095  0.0506 0.091  0.0324 0.0093 0.0087 0.0159 0.2403 0.0731 0.0249
 0.1045 0.1057 0.0374 0.076  0.035 ]",0.034881025126194266,0.9367293149826956
12,1499.8541685443902,0.0007000150217663758,0.8378300481515453,0.020104751243920957,0.007606897225327529,CO2|CO2|H20|CO2|CO2|CH4|CO2|CO2|H20|H20|CO2|H20,12,False,"[1499.90891151 1499.87540595 1499.87300875 1499.87207831 1499.86042089
 1499.85762601 1499.85156996 1499.83474281 1499.81677263 1499.80846546
 1499.78112532 1499.77920775]","[0.1739 0.0207 0.0936 0.0402 0.1313 0.0353 0.1325 0.1723 0.0586 0.0853
 0.0212 0.0351]",0.07776843373026573,0.9355682791368897
13,1500.8716334818494,0.0008557276635214236,0.556183055947713,0.01872885638324163,0.006992390344387635,CO2|H20|H20|CO2|H20|CH4|H20|CO2|CH4|CO2|CO2|CO2|H20,13,False,"[1500.99754834 1500.96657257 1500.93334189 1500.93243987 1500.92193267
 1500.8823312  1500.87727515 1500.87432736 1500.85811563 1500.84941646
 1500.80376296 1500.79156287 1500.76097061]","[0.0733 0.0412 0.0126 0.0287 0.0761 0.2141 0.123  0.0312 0.074  0.0461
 0.0223 0.0743 0.1831]",0.06982933762703193,0.9443889769852898
14,1501.427816537797,0.0007118613836727538,0.556183055947713,0.005327839702527154,0.002042018323557152,CH4|H20|CH4|CH4|CH4|CH4|CO2|CH4|H20|CO2|CO2|CO2|CO2|CH4|CO2,15,False,"[1501.57531768 1501.51809237 1501.49388131 1501.48285696 1501.46784247
 1501.46184577 1501.43492819 1501.42920295 1501.42159296 1501.42085762
 1501.41415279 1501.38975189 1501.37665279 1501.36527402 1501.28012174]","[0.0775 0.0871 0.03   0.0151 0.0599 0.0191 0.0909 0.1978 0.0566 0.0151
 0.0504 0.1224 0.0235 0.0558 0.0987]",0.099081289404808,0.9496062396475924
15,1502.014297657712,0.0007212329046941809,0.241689238187746,0.005354055814282429,0.0020242125227223767,CO2|H20|H20|CO2|CO2|H20|CO2|CO2|CO2|CH4|H20|CO2|H20|CH4,14,False,"[1502.1254287  1502.07711053 1502.07268223 1502.06465012 1502.0469315
 1502.04683923 1502.04130989 1502.0125051  1502.00153473 1501.99109196
 1501.96802134 1501.96629083 1501.95341809 1501.91186622]","[0.1061 0.0316 0.0171 0.0277 0.0129 0.0383 0.0241 0.3335 0.0413 0.1592
 0.0324 0.1144 0.0273 0.0339]",0.06762120640532444,0.9453471845061072
16,1502.2559868958997,0.0007992592308305532,0.241689238187746,0.007933826463139823,0.003614076621662786,H20|H20|CH4|CO2|CO2|H20|CO2|H20|H20|CH4|CH4|CO2|H20|CO2|CH4|CH4|H20|CO2,18,False,"[1502.38472099 1502.37642192 1502.34200095 1502.32336238 1502.30005812
 1502.29801495 1502.29016797 1502.28549377 1502.2773716  1502.2739771
 1502.24874619 1502.23664604 1502.22121478 1502.19996268 1502.18810973
 1502.16847784 1502.16762262 1502.1254287 ]","[0.0506 0.039  0.0219 0.0574 0.0179 0.0123 0.0403 0.1345 0.014  0.0428
 0.0657 0.2087 0.0581 0.0454 0.0534 0.0514 0.018  0.0686]",0.04761766130372911,0.9498728735149835
17,1502.840145983227,0.0010201496638512096,0.526639749557944,0.01928215471734917,0.007121532315059089,(2-0)pP1f(7.5)|CH4|CH4|CH4|CO2|H20|CO2|CH4|CO2,9,False,"[1502.69697056 1502.97373875 1502.9285841  1502.91505404 1502.87629189
 1502.85428789 1502.8348152  1502.79406235 1502.76084668]",[0.0858 0.1013 0.0175 0.0482 0.1769 0.0121 0.3665 0.1765 0.0153],0.040198564877030975,0.9249431963720648
18,1503.366785732785,0.0007693496713478487,0.2780861399285186,0.003908357694445409,0.0015235306983796527,(2-0)pQ12e(5.5)|CO2|H20|CH4|CH4|CO2|H20|H20|CH4|CH4|CO2|H20|H20,13,False,"[1503.43566301 1503.4880657  1503.42412587 1503.40949972 1503.38402724
 1503.37086168 1503.36734742 1503.35490334 1503.34400081 1503.32004474
 1503.29378727 1503.2837724  1503.27062825]","[0.0185 0.1262 0.0146 0.0312 0.0948 0.1012 0.4466 0.0114 0.0405 0.014
 0.0383 0.0381 0.0245]",0.08455953065416535,0.9408164375292067
19,1503.6448718727136,0.0008844298957765612,0.2780861399285186,0.004081361093506113,0.0015434102826185386,(2-0)pQ12f(5.5)|H20|CO2|CO2|CO2|CH4|CO2|CH4|CO2|CH4|CH4|CO2|CH4|H20|CH4|H20|CO2|CO2,18,False,"[1503.61631836 1503.76925146 1503.75090717 1503.69191846 1503.68346226
 1503.67171069 1503.66871936 1503.66623902 1503.65898686 1503.63795429
 1503.62004796 1503.60289582 1503.60017515 1503.59091944 1503.58138803
 1503.56764659 1503.5632884  1503.4880657 ]","[0.0133 0.1035 0.035  0.0185 0.0384 0.1324 0.0723 0.0726 0.075  0.019
 0.0508 0.03   0.0648 0.0173 0.0145 0.1249 0.0223 0.0953]",0.040464484816028344,0.8923632460021426
20,1505.2918360946028,0.001035711177485719,0.2639548021979863,0.023787099649236212,0.007897461360379585,(3-1)qQ2f(0.5)|(3-1)qQ2e(0.5)|CH4|CH4,4,False,[1505.31882109 1505.25386031 1505.3208803  1505.28127182],[0.4892 0.4872 0.0108 0.0129],0.057417475845730995,0.9448713179353518
21,1505.5557908968008,0.0007000150217663758,0.2639548021979863,0.2010043244798207,0.07553843996822547,(3-1)qQ1f(1.5)|(3-1)qQ1e(1.5),2,True,[1505.56546364 1505.54405546],[0.5001 0.4999],0.0006221599911813794,0.9506006860021532
22,1505.9412013225824,0.0007363180840410437,0.3854104257816289,0.0015491643468689273,0.0006601582138342166,CH4|CO2|CO2|CH4|CH4|H20|CH4|CH4|H20|CH4|H20|CH4|CH4|CH4|CH4|CO2|CO2|H20,18,False,"[1506.09538641 1506.04719289 1506.01127284 1506.00958063 1506.00075791
 1505.99897002 1505.99102809 1505.96333621 1505.93892692 1505.92788937
 1505.92609847 1505.9138517  1505.89639002 1505.88949617 1505.87033432
 1505.85930979 1505.83558119 1505.81783291]","[0.1261 0.0526 0.0816 0.0272 0.0154 0.017  0.018  0.0092 0.2216 0.0088
 0.1705 0.0359 0.0094 0.0356 0.0329 0.0222 0.0386 0.0774]",0.12544021711098574,0.9433868351195737
23,1506.3911454607946,0.0013475816938115694,0.44994413821223134,0.006977620216037807,0.002084806608513822,(3-1)qQ2f(1.5)|(3-1)qQ2e(1.5)|CO2|H20|H20,5,False,[1506.45411594 1506.34542287 1506.41373393 1506.40173247 1506.30584613],[0.4512 0.4495 0.0626 0.017  0.0196],0.07340436836590757,0.9505833710235924
24,1506.896319663511,0.0007000150217663758,0.5051742027162618,0.06051622837484094,0.02271937815647974,(3-1)qQ1f(2.5)|(3-1)qQ1e(2.5),2,True,[1506.93583482 1506.85743675],[0.5001 0.4999],0.003826623024760187,0.9509745700958445
25,1507.761129600976,0.0007094974601162538,0.8648099374649973,0.00759520652377454,0.005709592316367441,H20|CH4|H20|CH4|CO2|H20|H20|CH4,8,False,"[1507.81534241 1507.80018964 1507.7594037  1507.7343758  1507.70321615
 1507.69427424 1507.65258756 1507.65247459]",[0.1086 0.1696 0.5663 0.0109 0.017  0.0253 0.039  0.0633],0.08687123387192314,0.9500940737063152
26,1509.35730954342,0.0007252036350748283,0.6657444587749524,0.004986008952457954,0.0019267072503930832,CH4|H20|H20|CO2|CO2,5,False,[1509.49450154 1509.40460805 1509.34318615 1509.32123226 1509.26457881],[0.191  0.26   0.289  0.0807 0.1792],0.04807457545617773,0.9503540994070012
27,1510.0230540021948,0.0007131084127483999,0.6495561803526471,0.01707106375102437,0.007273544828278842,CO2|H20|CH4|CH4|H20|H20|CO2|CH4|H20|CO2|H20,11,False,"[1510.13474343 1510.07617247 1510.06787166 1510.06249016 1510.04054909
 1510.01417786 1510.00984834 1509.99953401 1509.96220972 1509.958738
 1509.94408884]","[0.0308 0.1474 0.0855 0.0903 0.1542 0.0963 0.0597 0.0517 0.1029 0.094
 0.0872]",0.02062618721517014,0.9510925061764407
28,1510.6726101825475,0.001188551956494018,0.6495561803526471,0.0029594374937327445,0.0008962754625010492,(3-1)qQ2f(3.5)|(3-1)qQ2e(3.5)|(2-0)oP12f(3.5)|(2-0)oP12e(3.5)|CH4|CH4|CH4|CO2|CH4|CO2|CH4,11,False,"[1510.78082636 1510.69617769 1510.61358857 1510.61098095 1510.71906541
 1510.68750225 1510.67460806 1510.67394921 1510.66055022 1510.62420485
 1510.58319115]","[0.1812 0.1809 0.0977 0.1003 0.0129 0.0088 0.0204 0.3459 0.0085 0.0218
 0.0216]",0.062483880873122934,0.9510377110834999
29,1512.5865659097312,0.0007271440757642666,0.489136358557289,0.028149996842084232,0.012369995278413393,CO2|CH4|H20|H20|H20|CO2|CO2|CH4|CH4,9,False,"[1512.63305423 1512.60822485 1512.60541361 1512.59934226 1512.59584696
 1512.57911677 1512.57650239 1512.56431972 1512.55002079]",[0.0412 0.1238 0.0848 0.1303 0.1297 0.0231 0.0845 0.1392 0.2435],0.05094277552740607,0.9505872239438242
30,1513.0757022682885,0.000708289718366194,0.489136358557289,0.001666804664113177,0.0007032462897167327,H20|H20|H20|CH4|CO2|H20|CH4|CO2|CH4,9,False,"[1513.09792283 1513.08101807 1513.07707502 1513.0544904  1513.04769958
 1513.01963839 1513.01504621 1512.96373223 1512.91792107]",[0.3019 0.2846 0.0277 0.0869 0.0228 0.0482 0.03   0.0711 0.1269],0.0164909733195212,0.9484257280092541
31,1515.0619948925955,0.0007000150217663758,0.8379766030191149,0.03542135056434636,0.013996223188343792,H20|CO2|CH4|CO2|CH4|H20,6,False,"[1515.08438383 1515.08316309 1515.08221162 1515.0658003  1515.03510995
 1515.03337996]",[0.1486 0.1022 0.1507 0.2698 0.1579 0.1708],0.017726072934344334,0.9517270344353221
32,1515.8999714956146,0.0007176628319429217,0.7716208687327253,0.0008912523717744333,0.0003958575859042586,H20|CO2|H20|CH4|CO2|CH4|CH4|H20,8,False,"[1516.06297474 1515.93840203 1515.90006913 1515.87258818 1515.87240803
 1515.84080931 1515.80232258 1515.7629914 ]",[0.1133 0.3901 0.0097 0.0631 0.0347 0.1627 0.0415 0.185 ],0.06953602863425458,0.9516347828625731
33,1516.6715923643474,0.0008159410795378743,0.3469445141261076,0.0018012468376117047,0.0007306472232049048,CH4|CO2|CH4|CH4|CH4|H20|CH4|CO2|CH4|H20|CH4|CO2,12,False,"[1516.72760196 1516.72344572 1516.69153156 1516.68520562 1516.65024134
 1516.64414369 1516.64016641 1516.62955913 1516.62590532 1516.61337051
 1516.57523462 1516.55220047]","[0.2401 0.0878 0.0505 0.0359 0.2036 0.1074 0.0408 0.0965 0.0129 0.034
 0.0407 0.0497]",0.06901661056574722,0.9490609382957916
34,1517.0185368784735,0.0007000150217663758,0.2801517014943329,0.0012622754717613828,0.0005277001452054711,H20|CO2|CH4|CO2|H20|CO2|H20|CO2|CH4|CH4|CH4|CH4|CO2,13,False,"[1517.06920786 1517.06661177 1517.06250822 1517.05679782 1517.05107502
 1517.04896391 1517.03521019 1517.02878886 1517.01970193 1516.99984155
 1516.99068248 1516.97459683 1516.93722791]","[0.016  0.1017 0.0453 0.1151 0.1293 0.0199 0.01   0.1117 0.042  0.0421
 0.0399 0.2535 0.0736]",0.03005961908552298,0.9504384235371351
35,1517.2986885799678,0.0007228386199940116,0.2801517014943329,0.0004440113395629643,0.00018814964786657222,H20|CH4|CH4|CO2|CO2|CH4|CH4|CO2|CH4|CO2|CH4,11,False,"[1517.3646119  1517.34677108 1517.33758479 1517.32224095 1517.29009439
 1517.27892412 1517.27213285 1517.267027   1517.24667189 1517.22515343
 1517.20645636]","[0.0147 0.1399 0.2098 0.1122 0.0784 0.0732 0.0098 0.0484 0.0796 0.0744
 0.1596]",0.018085921326411677,0.940148866519952
36,1517.7185519002546,0.0007000150217663758,0.4198633202868223,0.058698548441591475,0.022883899804951265,H20|H20|H20|CH4|CH4|CO2,6,False,"[1517.73437136 1517.73125586 1517.72757601 1517.71177995 1517.70447805
 1517.70149097]",[0.2248 0.1434 0.1468 0.2477 0.1499 0.0874],0.011210445301165212,0.9468590773739155
37,1518.7125732311838,0.0007000150217663758,0.9262690149498667,0.04497672707481145,0.017513183626129986,(3-1)pP2f(1.5)|(3-1)pP2e(1.5),2,True,[1518.72714735 1518.70077499],[0.4951 0.5049],0.004166720674079315,0.9393922571368902
38,1519.6388422461337,0.0007583234182639789,0.44459316131565174,0.0020773705119735324,0.000874685991774419,CO2|CO2|CH4|H20|CO2|CH4|CO2|CH4|CO2|CO2,10,False,"[1519.72557205 1519.70360817 1519.65965459 1519.6544747  1519.64792449
 1519.63995596 1519.6191875  1519.61633213 1519.60100313 1519.58208189]",[0.0967 0.2015 0.1706 0.0193 0.0216 0.0303 0.0514 0.0171 0.0329 0.3585],0.03900614994288435,0.9436973199349556
39,1520.0834354074493,0.0007292668902655521,0.2811732751406453,0.0013373152682389336,0.0005281189031258524,CH4|H20|H20|CH4|H20|H20,6,False,"[1520.08980326 1520.08570737 1520.07551234 1520.06919233 1520.0088878
 1519.98535739]",[0.4665 0.032  0.2395 0.1764 0.0274 0.0581],0.044545065482272696,0.9507510199061239
40,1520.36460868259,0.0007000150217663758,0.2811732751406453,0.03915006101955845,0.014810265682320122,CH4|H20|CH4|CO2,4,False,[1520.37977871 1520.3768435  1520.35793483 1520.34579083],[0.2615 0.178  0.2866 0.2739],0.00059989701433775,0.9432105395312045
41,1520.8140760864335,0.0008033989157675839,0.2651306894990739,0.00019572485168912576,8.955940523467268e-05,CH4|CH4|H20|CO2|CH4|H20|H20|H20|CO2|H20|CO2,11,False,"[1520.94086132 1520.93625794 1520.93003603 1520.8327865  1520.81960984
 1520.80016236 1520.78432864 1520.77135703 1520.72025471 1520.66299505
 1520.65334424]","[0.0544 0.1116 0.0555 0.0315 0.3193 0.0471 0.0167 0.0857 0.052  0.0874
 0.1389]",0.02409709578818759,0.9516970151889612
42,1521.0792067759326,0.0007372133285050887,0.2651306894990739,0.0006029315845830432,0.000555563971891196,H20|CO2|CH4|CO2|CH4|CH4,6,False,"[1521.11540718 1521.09182075 1521.08330214 1521.07587129 1520.97160518
 1520.93625794]",[0.0164 0.0672 0.7263 0.0337 0.0401 0.1163],0.022382921446612542,0.952368793896546
43,1521.6896802210501,0.0007688273689084768,0.2610452570017969,0.0005867575496181271,0.00022606252659574882,CO2|H20|CO2|CH4|CH4|CO2|H20|CH4|H20|H20|CO2,11,False,"[1521.82933733 1521.71154677 1521.70376429 1521.70276835 1521.68727729
 1521.68288265 1521.66940946 1521.6596998  1521.61980475 1521.58087722
 1521.56599313]","[0.0832 0.3094 0.0153 0.1879 0.023  0.1888 0.0276 0.0172 0.0192 0.042
 0.0863]",0.04716336623539298,0.9500330538357594
44,1521.950725478052,0.000840612641845194,0.2610452570017969,0.00022307212344895036,9.320653971478346e-05,CH4|CH4|CO2|CH4|H20|CH4|CH4|CO2|CO2|CO2|CO2,11,False,"[1522.00955183 1521.98747578 1521.98295525 1521.98235645 1521.94724689
 1521.94686957 1521.9378128  1521.91790891 1521.90499902 1521.89367963
 1521.82933733]","[0.0921 0.166  0.0576 0.0808 0.1113 0.0151 0.093  0.1233 0.0448 0.0175
 0.1985]",0.031676439107321624,0.9468489919355303
45,1523.5251765059343,0.0007000150217663758,0.5705122427507376,0.055769276047755535,0.020958229111529288,CO2|CH4|CH4|CH4,4,False,[1523.53378637 1523.52736074 1523.52248637 1523.51782093],[0.2289 0.1703 0.2135 0.3872],0.006481022322219394,0.9501997636080632
46,1524.095688748685,0.0007000150217663758,0.5705122427507376,0.1506285939367799,0.05656011018359219,(3-1)pP1f(2.5)|(3-1)pP1e(2.5),2,True,[1524.11200364 1524.07866543],[0.4997 0.5003],0.0006924995383486705,0.9515131755217062
47,1525.065501801504,0.0007272667142165156,0.9235818883189495,0.0002612755407146382,0.00014860340813711167,CO2|CO2|H20|CO2|H20|CO2|H20|H20|CH4|CH4|CO2|CO2,12,False,"[1525.1881391  1525.16787725 1525.163954   1525.14261442 1525.08765044
 1525.08052115 1525.07912679 1525.06423325 1525.06157322 1525.03871082
 1525.02903602 1524.9673592 ]","[0.0451 0.0611 0.0983 0.0289 0.0216 0.2125 0.0218 0.039  0.1586 0.0163
 0.2519 0.0449]",0.007958551028740895,0.9491240256059098
48,1525.989083689823,0.0008557189784683777,0.542657334661726,0.00032824390563262443,0.00030934221447364473,H20|CH4|CH4|CH4|H20|CO2,6,False,"[1526.12321754 1526.01109566 1525.99244292 1525.92330835 1525.91731915
 1525.82177408]",[0.1339 0.0277 0.4742 0.0165 0.0186 0.3291],0.01137338128267704,0.9508388131640535
49,1526.5317410244847,0.0007000150217663758,0.542657334661726,0.04372055573613725,0.016298688787536035,CH4|CO2|CO2,3,False,[1526.53586453 1526.53417878 1526.52487695],[0.4589 0.2726 0.2685],0.009585489097492992,0.9461533604355904
50,1527.3296012493981,0.0007408577242260724,0.2626875336225112,0.0005866752241968409,0.00025297063096289807,CO2|CH4|H20|CH4|H20|CH4|H20|CH4|CO2|CH4,10,False,"[1527.40435264 1527.37558797 1527.34846853 1527.33802958 1527.32912758
 1527.30271239 1527.28922511 1527.22538884 1527.21651288 1527.16831672]",[0.0166 0.0104 0.2746 0.2766 0.0404 0.0084 0.0317 0.0594 0.0367 0.2454],0.053152043538072416,0.941779660585167
51,1527.5922887830206,0.0007234141612997248,0.2356472981891784,0.0004938582659316524,0.00022013798344984505,CO2|H20|CO2|CH4|CO2|CO2|CH4|CH4|CO2|CO2|H20|CH4,12,False,"[1527.72153783 1527.69495269 1527.6615406  1527.65710135 1527.65596296
 1527.65233681 1527.63346097 1527.60702102 1527.58679262 1527.57114862
 1527.56224087 1527.55661728]","[0.0779 0.0275 0.0894 0.0674 0.0167 0.034  0.039  0.0373 0.0186 0.0386
 0.5431 0.0106]",0.09743340522915106,0.9510358102524353
52,1527.8279360812098,0.000833652397140836,0.2306648636827049,0.0005606343074883494,0.0002397159185739876,CO2|H20|CH4|CO2|H20|CH4|CO2|CH4|CH4|H20|CO2|CO2,12,False,"[1527.93439557 1527.89009673 1527.8462741  1527.83079238 1527.82467733
 1527.80477112 1527.78667484 1527.78542095 1527.76933897 1527.76285866
 1527.75707839 1527.72153783]","[0.0642 0.2932 0.0088 0.1    0.1147 0.1917 0.0343 0.0615 0.0335 0.0168
 0.0167 0.0646]",0.08026610122096975,0.9504486541946511
53,1528.0586009448925,0.0007345435458941291,0.2306648636827049,0.0006284569325205338,0.0002655283128656949,CO2|CH4|CH4|CH4|CH4|H20|CH4|CO2|CH4|H20|H20|CO2|CO2|CO2|H20,15,False,"[1528.15432772 1528.1255091  1528.11381    1528.09723075 1528.0802082
 1528.0799406  1528.06348957 1528.05775816 1528.05043716 1528.0279518
 1528.0261306  1527.97911186 1527.97158313 1527.93439557 1527.89009673]","[0.0474 0.0122 0.0743 0.0166 0.0699 0.0612 0.045  0.1721 0.0583 0.1209
 0.0096 0.0246 0.0205 0.048  0.2193]",0.06080460935607853,0.9508061548302863
54,1528.4041355149698,0.0007696852845954851,0.3455345700772341,0.0008886864932898032,0.0003478898646202041,(2-0)pP1f(9.5)|(2-0)pP1e(9.5)|H20|CH4|CH4,5,False,[1528.52256392 1528.26955031 1528.47967777 1528.43393022 1528.37520266],[0.0565 0.0577 0.1935 0.1964 0.4959],0.058302630302977256,0.9517888189722018
55,1528.7787892444035,0.0007000150217663758,0.3746537294337031,0.05707264261806414,0.022807184738735487,(3-1)pP2f(2.5)|(3-1)pP2e(2.5),2,True,[1528.78344124 1528.77478465],[0.5014 0.4986],0.0026751069097652614,0.9378982986712868
56,1529.3703019378086,0.0007000150217663758,0.5915126934050932,0.015970606802584542,0.005972889930833189,CH4|CH4,2,True,[1529.37364732 1529.36384704],[0.6296 0.3704],0.018475470247141267,0.9518674857119322
57,1530.5778278503835,0.0007325532120449069,1.2075259125749653,0.0012292304673229997,0.0005590205094015255,CH4|H20|H20|H20|H20|CO2|CH4|H20|H20|CO2|H20|CH4|CO2|CH4|CO2|CH4|CO2|CO2,18,False,"[1530.70130672 1530.67171813 1530.64291484 1530.64202034 1530.62539133
 1530.6189526  1530.6066535  1530.59589821 1530.58949675 1530.56199647
 1530.56000688 1530.54803997 1530.53175455 1530.52599663 1530.51412863
 1530.51301924 1530.51252264 1530.48280525]","[0.0576 0.0536 0.0195 0.0231 0.0349 0.0327 0.168  0.0096 0.0118 0.2096
 0.0758 0.071  0.0273 0.0465 0.0217 0.0217 0.0159 0.0995]",0.10214606131961801,0.9505051773134352
58,1531.8308547393722,0.000732553212014938,0.4605504002965972,0.004968161422213812,0.001935103661466974,CO2|CH4|H20|CH4|CH4|CH4|CO2|CO2|H20|H20,10,False,"[1531.94393249 1531.91477106 1531.90443834 1531.89235981 1531.86560796
 1531.8256462  1531.77503924 1531.76776869 1531.75211918 1531.73444099]",[0.0388 0.0449 0.0569 0.0682 0.0127 0.6852 0.0127 0.0213 0.0357 0.0236],0.05997045955376607,0.9510096527882229
59,1532.2914051396688,0.0007720608143933009,0.4605504002965972,0.0012908448057978126,0.000541478422169182,CH4|CO2|H20|CO2|CO2|CH4|CH4|CO2|CO2|CH4|CH4|CO2,12,False,"[1532.47641645 1532.30820949 1532.30492586 1532.29981062 1532.29942954
 1532.29497058 1532.28452237 1532.25824142 1532.22115106 1532.16267627
 1532.14840347 1532.12307741]","[0.2038 0.2197 0.0122 0.1014 0.0119 0.0675 0.0435 0.064  0.0102 0.0573
 0.1025 0.106 ]",0.06836664096857938,0.9503822792009002
60,1532.7563323580282,0.0007272667142801233,0.46492721835943485,0.010414137711191897,0.005206524391039272,H20|CO2|CO2|CO2|CH4|CH4|CO2|CO2|CH4|CH4,10,False,"[1532.78850756 1532.78801864 1532.78079674 1532.7604574  1532.74827821
 1532.74294527 1532.73352886 1532.72765453 1532.72288251 1532.69018179]",[0.0595 0.0934 0.1506 0.0989 0.1052 0.1763 0.1078 0.0752 0.1126 0.0205],0.034623604050615,0.9494846471990278
61,1533.2411664690892,0.0007696973541591873,0.29681240384843477,0.1730967994874363,0.057129899127094534,(3-1)pP1f(3.5)|(3-1)pP1e(3.5)|H20|CO2|CH4|CO2|CH4,7,False,"[1533.27068797 1533.20974131 1533.27179839 1533.2674365  1533.22902878
 1533.21094953 1533.20530967]",[0.4678 0.4665 0.0175 0.011  0.0137 0.0116 0.0118],0.016270217971991324,0.950073633335523
62,1533.5379788729376,0.0009223227988652274,0.238917626988723,0.04002192527139781,0.01657971340096953,CO2|CH4|H20|CH4|CH4|CH4,6,False,"[1533.58473829 1533.57714245 1533.53602741 1533.5262264  1533.50952949
 1533.5016515 ]",[0.1461 0.1466 0.2419 0.1926 0.1072 0.1657],0.028425790511138603,0.9502495807269736
63,1533.7768964999264,0.0007000150217663758,0.238917626988723,0.0671537450614999,0.026680756077239208,CO2|CO2|CH4|CO2|CH4|CH4,6,False,"[1533.79997017 1533.79548248 1533.78872134 1533.77494965 1533.768937
 1533.75908031]",[0.1093 0.1337 0.1865 0.1621 0.1558 0.2527],0.009020753417235567,0.8988814957057543
64,1534.2661776891769,0.0007328453374323082,0.4892811892505051,0.11129391724852783,0.04198245671831221,CH4|CH4|H20|CO2|CO2|H20|CH4|CO2|CH4,9,False,"[1534.38128813 1534.3719886  1534.30924844 1534.30768861 1534.2973078
 1534.20811758 1534.2020507  1534.20187887 1534.18286766]",[0.0667 0.0924 0.1072 0.1079 0.1871 0.1755 0.0988 0.065  0.0995],0.00677005662627543,0.9517268905983804
65,1534.8835430925337,0.0010745943595755942,0.617365403356871,0.0036279281721096745,0.0012738177836391828,(3-1)qR12f(0.5)|(3-1)qR12e(0.5)|H20|CH4,4,False,[1534.90012705 1534.87477312 1534.91353458 1534.85107286],[0.4853 0.4906 0.0123 0.0118],0.013900865990110017,0.9506287407101368
66,1536.6895417616622,0.0007212329047098354,1.8059986691284848,0.020630236650183112,0.00775151647105337,CO2|CH4,2,False,[1536.69342444 1536.62850614],[0.9752 0.0248],0.021830718407094562,0.9512116732185688
67,1538.9745080366536,0.0007000150217663758,0.5591986379010905,0.018614083681972343,0.006970691842488556,CO2,1,True,[1538.97396707],[1.],0.005266754152998191,0.952122551462482
68,1539.5337066745547,0.0007760247808867595,0.5591986379010905,0.04515726364335394,0.01834086015707913,(3-1)pP2e(3.5)|(3-1)pP2f(3.5),2,True,[1539.54132439 1539.52622269],[0.5003 0.4997],0.017510229087114658,0.9510171141931018
69,1540.1032822592754,0.000708289718366194,0.5695755847207238,0.0010395871891825852,0.000845250878887925,H20|CH4|CO2|CH4|CO2|CO2|CH4|CO2|CO2,9,False,"[1540.18719002 1540.1555437  1540.12275989 1540.10404758 1540.09694442
 1540.08053486 1540.0782178  1540.02680062 1540.00227828]",[0.0598 0.019  0.0175 0.7292 0.0232 0.0183 0.0109 0.0378 0.0843],0.06954648667891125,0.9494264584306197
70,1541.1375544539574,0.0007000150217663758,1.0342721946819893,0.03837311967188971,0.014412075044253563,CH4|CO2|CO2,3,False,[1541.14091864 1541.13555328 1541.10659614],[0.6156 0.3725 0.0118],0.010046782723550597,0.9511543159604127
71,1542.2675187883272,0.0008544643742790926,0.234031315234688,0.002374169174576075,0.0010259290263227266,CO2|CO2|H20|CH4|CH4|CH4|CH4|CO2|H20|CO2|CO2|CO2|CH4|CO2,14,False,"[1542.35409043 1542.34765184 1542.33771551 1542.32403987 1542.31854495
 1542.26452551 1542.24371322 1542.24066682 1542.24055812 1542.21230865
 1542.18220321 1542.13201384 1542.11725791 1542.11659227]","[0.1242 0.1314 0.0165 0.0574 0.0142 0.0285 0.0729 0.1115 0.1891 0.0205
 0.0206 0.049  0.0824 0.0818]",0.05578599448032909,0.9517199343330011
72,1542.5015501035618,0.0007377373612943248,0.234031315234688,0.003233735692737326,0.001318289730745316,CH4|CO2|H20|CO2|CO2|H20|CH4|CO2|CH4|H20|CO2|CO2,12,False,"[1542.62622582 1542.54862261 1542.53281461 1542.53017847 1542.52794565
 1542.48842995 1542.4715849  1542.46765396 1542.46080711 1542.46012
 1542.35409043 1542.34765184]","[0.0456 0.089  0.1702 0.0791 0.0109 0.2078 0.0107 0.0957 0.0092 0.0658
 0.1049 0.111 ]",0.050105015847779544,0.9328890926314626
73,1543.2166473455466,0.0007099330841932913,0.7150972419847221,0.08575218691900593,0.033337437668874655,(3-1)pP1f(4.5)|(3-1)pP1e(4.5),2,True,[1543.26168966 1543.16992791],[0.4987 0.5013],0.004653057349737917,0.9517334222285396
74,1544.3708320272522,0.0008676836462634533,0.3137571640208989,0.0006045030804676246,0.0004203484099744397,H20|CO2|CO2|H20|CO2|CH4|CH4|CH4,8,False,"[1544.46116609 1544.41431259 1544.38050338 1544.37593161 1544.36887677
 1544.32770288 1544.31236782 1544.292478  ]",[0.0669 0.0137 0.4553 0.0143 0.1492 0.014  0.2506 0.0359],0.017949202075263692,0.9495931792294244
75,1544.684589191273,0.0007012370152171375,0.3137571640208989,0.0040029844444877715,0.0033103100799763384,H20|CH4|H20,3,False,[1544.73283627 1544.68423951 1544.66303904],[0.0134 0.9104 0.0762],0.030282320112197197,0.9519488294767395
76,1545.1094112386613,0.0007137667732582325,0.4248220473882611,0.0028714927635164027,0.001089152836448342,CO2|CO2|CH4|CH4|CO2|H20,6,False,"[1545.14128073 1545.13674934 1545.13270836 1545.06364295 1545.06145482
 1545.00454214]",[0.0534 0.3597 0.1554 0.2165 0.0492 0.1659],0.01228586553938863,0.9511075595621289
77,1545.6946522457563,0.0007000150217663758,0.5852410070949645,0.09246402661632852,0.03568212720804903,CH4|CO2|H20|CH4,4,False,[1545.70745832 1545.69695375 1545.69338719 1545.68612296],[0.2312 0.1694 0.2107 0.3888],0.020358358035660787,0.9507079509300965
78,1548.023659983083,0.0007110627853996672,0.3450496458797261,0.004076778057706957,0.0016907361163481273,H20|CO2|H20|CH4|CO2|CH4|CO2|H20|CO2|CH4|CO2,11,False,"[1548.12318712 1548.10558678 1548.0900292  1548.06276664 1548.01375596
 1548.01109986 1548.00902008 1548.00440548 1547.99754173 1547.99487682
 1547.87790127]","[0.0779 0.0541 0.0863 0.1405 0.0867 0.0659 0.0527 0.0847 0.1162 0.1068
 0.1282]",0.047725024271196625,0.9530922542836406
79,1548.3687096289627,0.0007000150217663758,0.3450496458797261,0.06032631615671708,0.023966635031140614,CO2|CO2|CO2|H20,4,False,[1548.38871853 1548.37787108 1548.35751583 1548.35624377],[0.2685 0.1775 0.2797 0.2743],0.006572830401501443,0.9532223059624476
80,1548.8474427470321,0.0008898250331733896,0.47873311806938545,0.0040917220897911085,0.0011878772777622808,(3-1)pQ12f(1.5)|(3-1)pQ12e(1.5)|CO2|CO2|CH4|CH4|CH4|CO2|CO2,9,False,"[1548.88600956 1548.81562225 1548.88045049 1548.87929176 1548.87272733
 1548.86687378 1548.86133213 1548.83621195 1548.81169133]",[0.4422 0.45   0.0112 0.0119 0.0111 0.0185 0.01   0.0338 0.0113],0.05422239617518379,0.9529468570519408
81,1549.6739462590206,0.0007094974601471965,0.4119515125757971,0.0005064349957476625,0.00021295164998073098,H20|H20|CH4|CH4|CO2|H20|CO2|CO2|CO2|CO2|CH4,11,False,"[1549.76796002 1549.74215716 1549.71173037 1549.69799331 1549.68353675
 1549.67323358 1549.66637016 1549.66591652 1549.64428491 1549.63319029
 1549.62131517]","[0.073  0.0157 0.0116 0.0292 0.3314 0.2709 0.0142 0.0261 0.1514 0.033
 0.0435]",0.05434363582333683,0.9523484323145316
82,1550.0858977715964,0.0007808785214550017,0.4119515125757971,0.011858183035691423,0.005647270281907433,(4-2)rR1e(4.5)|(4-2)rR1f(4.5),2,True,[1550.11558433 1550.05739085],[0.5018 0.4982],0.018171012026776935,0.953249016682206
83,1551.779666446149,0.0007561662002522523,0.9445944081974176,0.006873893255697413,0.003504007864199018,(4-2)rR2f(3.5)|(4-2)rR2e(3.5)|(4-2)qP21e(1.5)|(4-2)qP21f(1.5),4,False,[1551.80419854 1551.77106332 1551.71675924 1551.69729607],[0.4212 0.4209 0.0795 0.0784],0.00544628987282635,0.9527044281538066
84,1552.7242608543463,0.0007431173947818346,0.31004889478913356,0.0004456460909178366,0.00017779774398990353,H20|CH4|CO2|CO2|CH4|CH4,6,False,"[1552.74406054 1552.73834646 1552.73240145 1552.70823901 1552.6934309
 1552.59235025]",[0.5972 0.0506 0.0674 0.0095 0.1052 0.1701],0.025104759031089656,0.9534939308120914
85,1553.0343097491354,0.0007000150217663758,0.31004889478913356,0.001902884974930034,0.0007243769233489148,H20|CH4,2,False,[1553.04950593 1553.01242868],[0.5973 0.4027],0.015440184515609674,0.9534940094430636
86,1553.5033198137312,0.0007000150217663758,0.46901006459575,0.04797846065517189,0.020960768222893427,CH4|CO2|CH4|CH4|CO2|CH4,6,False,"[1553.55907334 1553.51466319 1553.51459296 1553.50175374 1553.47716143
 1553.47472449]",[0.1442 0.1237 0.1494 0.2678 0.1491 0.1659],0.0031323016944804624,0.9534375754740482
87,1554.0393175227227,0.0007789378876637031,0.5359977089915446,0.03371722306914663,0.014153432477360233,(3-1)pP1f(5.5)|(3-1)pP1e(5.5),2,True,[1554.09515607 1553.97076657],[0.4987 0.5013],0.009530502033699312,0.9535062591420526
88,1554.6130746626943,0.0007976000430240307,0.4037362500760082,0.031915283141678574,0.014221613603935167,(4-2)rR1e(3.5)|(4-2)rR1f(3.5),2,True,[1554.63891757 1554.58904941],[0.5006 0.4994],0.005273263850094865,0.9523641045858722
89,1555.0168109127703,0.0007012370152171375,0.4037362500760082,0.0002888916150357284,0.0001341205291089443,H20|CO2|CH4,3,False,[1555.16490919 1555.02290851 1555.01341222],[0.1351 0.0603 0.8046],0.009658489690225156,0.9531592305311929
90,1555.491653861153,0.0007416197298537411,0.47484294838272945,0.0006450066928761586,0.0002581723475437073,CH4|CO2|CO2|CH4|CH4|H20|CH4|CO2|H20,9,False,"[1555.64696191 1555.62337828 1555.60863406 1555.57772772 1555.55188445
 1555.52149406 1555.46477863 1555.44817785 1555.44374525]",[0.1473 0.067  0.0311 0.0727 0.0264 0.1428 0.2491 0.2498 0.0137],0.015204643441610073,0.95366970923036
91,1556.2435872384413,0.0007094974601578054,0.7519333772881964,0.03169470888006796,0.014564856438051634,CH4|CH4|H20|CH4|CO2|CO2|CO2|CO2,8,False,"[1556.2905224  1556.28349852 1556.28221485 1556.26809463 1556.24259025
 1556.21397928 1556.20735956 1556.19956703]",[0.1152 0.1014 0.1357 0.1372 0.0551 0.0911 0.1366 0.2277],0.011559012215771783,0.953430112573944
92,1557.0094377247256,0.0014111487047677419,0.3623401031254616,0.019061096905338262,0.007774389265269286,(4-2)rR2f(2.5)|(4-2)rR2e(2.5)|CH4,3,False,[1557.02509419 1557.00729144 1556.9782981 ],[0.4771 0.4776 0.0453],0.00530413049982821,0.9536952531455923
93,1557.371777827851,0.0007062301335252985,0.3623401031254616,0.001209010307608743,0.0005903196497975088,CO2|CO2|CO2|CH4|CO2|H20|H20|CH4|H20|CO2|CO2|CO2|CO2,13,False,"[1557.51756434 1557.51454051 1557.48372165 1557.47308527 1557.46149986
 1557.40250261 1557.37771025 1557.36556042 1557.35955591 1557.34897046
 1557.34555826 1557.27205934 1557.2473383 ]","[0.1023 0.0597 0.0862 0.0258 0.0172 0.1441 0.0084 0.0323 0.254  0.0286
 0.0773 0.1283 0.0358]",0.030379641866599555,0.9532374494159671
94,1558.7890159993074,0.0007048902850421626,0.2875897921437627,0.02029891182625702,0.009840420764010285,CO2|H20|CO2|CO2|CO2|H20|H20|CH4|CO2|CH4|H20,11,False,"[1558.8358742  1558.82970574 1558.8117355  1558.81075455 1558.8050244
 1558.77714915 1558.77071438 1558.7621614  1558.75711947 1558.63446476
 1558.62947418]","[0.0197 0.1597 0.0925 0.0891 0.0346 0.0521 0.2311 0.0626 0.0474 0.101
 0.1101]",0.005032041462977545,0.9515261632044427
95,1559.0766057914511,0.0007705190962570725,0.2875897921437627,0.001000302994582407,0.00039629369222461593,H20,1,True,[1559.08242093],[1.],0.0319121634786909,0.9534947710113479
96,1559.7650511684055,0.0007545550737943097,0.6884453769544052,0.06667141023255056,0.027189578307250988,(4-2)rR1e(2.5)|(4-2)rR1f(2.5),2,True,[1559.78195319 1559.74374502],[0.5004 0.4996],0.01013402679711276,0.9531707944434241
97,1561.2388168460036,0.0011485710067434933,0.6279341646359171,0.012201807677477418,0.006311412245908304,(3-1)pQ12e(3.5)|CO2|CH4|CO2|CH4|CO2|CO2|CH4,8,False,"[1561.2622315  1561.26687069 1561.26352808 1561.25251338 1561.21904417
 1561.20928827 1561.19337165 1561.19028332]",[0.108  0.1764 0.2445 0.0675 0.0295 0.0597 0.1621 0.1524],0.03117785045447904,0.953446750848197
98,1561.8667510106395,0.0008858501390728593,0.5241345233851007,0.001468034373642153,0.0006349099288524756,CH4|H20|CO2,3,False,[1561.89505852 1561.86285879 1561.78237418],[0.4489 0.4828 0.0683],0.027010810087627714,0.9538572313995058
99,1562.3908855340246,0.000722542448833681,0.5241345233851007,0.0013321125454588047,0.0005634105110114402,CO2|CO2|CH4|CO2|CH4|CO2,6,False,"[1562.52823171 1562.47172097 1562.43874752 1562.42263274 1562.39036414
 1562.35569717]",[0.0692 0.0314 0.0485 0.045  0.4799 0.326 ],0.03908389120400119,0.9531387526480936
100,1563.1509979661398,0.0007872255902459116,0.7601124321151929,0.038589939653754235,0.016466650292393022,(3-1)pP2e(5.5)|(4-2)rR2e(1.5)|(4-2)rR2f(1.5)|(3-1)pP2f(5.5)|H20,5,False,[1563.16816089 1563.15625072 1563.15611288 1563.09746404 1563.16358908],[0.1203 0.3737 0.3732 0.1202 0.0126],0.018773239840963594,0.9538295284744671
101,1564.6685594111473,0.0007000150217663758,0.8293841772531323,0.001532358335461506,0.0006612154155909455,CO2|CH4|CH4,3,False,[1564.67362039 1564.6646157  1564.65898492],[0.4826 0.3042 0.2132],0.024525446331685172,0.9537780222187581
102,1565.4979435884004,0.0007200696183947593,0.8293841772531323,0.0868147362988323,0.03446746032628177,(3-1)pP1e(6.5)|(4-2)rR1e(1.5)|(4-2)rR1f(1.5),3,False,[1565.61730272 1565.50690771 1565.48292308],[0.094  0.4533 0.4528],0.0026584558251555707,0.953850307898453
103,1566.337510742794,0.0007273729842200879,0.6358481275669874,0.0029430196297701044,0.0017110737432974644,CH4|CO2|CO2|CO2|CO2|CH4|CH4|CH4|CH4|CO2|H20|CH4|CO2,13,False,"[1566.4999352  1566.45346273 1566.40632465 1566.36887925 1566.36873522
 1566.35435754 1566.34623661 1566.31993617 1566.30654094 1566.29515592
 1566.29264622 1566.27006098 1566.25664723]","[0.1715 0.1272 0.0161 0.1017 0.0975 0.044  0.0464 0.016  0.1103 0.0217
 0.1266 0.0591 0.0619]",0.02668422863574322,0.9534652219182963
104,1566.973358870361,0.0007712980491152566,0.5810124680790523,0.00015435098270118083,6.603613841008698e-05,CO2|CO2|CH4|CO2|CO2|CH4|CO2|CO2|CO2,9,False,"[1567.08150652 1567.03442861 1566.99079976 1566.96635407 1566.95983874
 1566.93729711 1566.91077401 1566.89300513 1566.88333949]",[0.0411 0.0233 0.5081 0.0266 0.0577 0.1069 0.0675 0.0988 0.0701],0.020374098628809276,0.952345363326882
105,1567.55437133844,0.0007404643832906434,0.37159073267184795,0.0008323184688837636,0.00036750039744913436,CH4|CO2|H20|H20|CO2|CO2|H20,7,False,"[1567.60655182 1567.58670423 1567.54555686 1567.53344763 1567.52229613
 1567.50292709 1567.46977165]",[0.2504 0.2683 0.0206 0.0086 0.0222 0.2191 0.2108],0.02314095346627455,0.9501220459079778
106,1567.9259620711118,0.0007131084128108515,0.37159073267184795,0.0001167362807133517,5.203284025296477e-05,CH4|CH4|CO2|H20|H20|CO2|H20|CO2|CO2|H20|CO2,11,False,"[1568.06366138 1567.95951253 1567.95125915 1567.93738636 1567.93644872
 1567.92449349 1567.91202072 1567.9072417  1567.83597688 1567.7765069
 1567.75876704]","[0.2048 0.0296 0.0214 0.0351 0.0383 0.3222 0.1167 0.0311 0.0226 0.0632
 0.1151]",0.007967653126227773,0.9338880111403749
107,1568.3254085739588,0.0007167675353567621,0.3994465028470131,0.0013320934983674683,0.0006439639525441885,CO2|CO2|CO2|CO2|CO2|H20|CO2|CO2,8,False,"[1568.44186039 1568.41569075 1568.40115542 1568.4001631  1568.35327035
 1568.34891467 1568.28580797 1568.27532803]",[0.1257 0.0228 0.096  0.0638 0.1621 0.0725 0.1763 0.2807],0.01013584188370386,0.9430386353120597
108,1568.8289823112966,0.0007552437281693726,0.3150067598019177,0.0010028198757939947,0.0006885497921731677,CO2|CO2|CO2|CO2|CO2|CO2|CO2|CH4|CO2|CH4|CO2|H20,12,False,"[1568.93573861 1568.91229261 1568.90645915 1568.86403371 1568.84856142
 1568.83527625 1568.82004425 1568.81396143 1568.79061062 1568.77222097
 1568.72635087 1568.71178517]","[0.0577 0.0743 0.0174 0.2304 0.0727 0.0824 0.0449 0.0702 0.1359 0.0903
 0.056  0.0676]",0.030894821213818677,0.9403753816901271
109,1569.1439890710985,0.0007074413914552584,0.2846724881630962,0.0001611877964047014,7.898134970942145e-05,CO2|CO2|CH4|CO2|CH4|CH4|CH4,7,False,"[1569.19847529 1569.17607333 1569.16177826 1569.13635181 1569.08518082
 1569.0422196  1569.03626184]",[0.0332 0.1471 0.3039 0.2993 0.0384 0.1467 0.0315],0.01836915833161216,0.9484366588375106
110,1569.4286615592616,0.0007164688545526856,0.2846724881630962,0.000534350534886209,0.0002343686475685357,CO2|CO2|H20|CO2|CO2|CH4|CH4,7,False,"[1569.61306975 1569.43839691 1569.4375757  1569.42395789 1569.42216156
 1569.42097484 1569.36129663]",[0.5355 0.0145 0.0118 0.2218 0.0424 0.1633 0.0107],0.004027438039298173,0.9459054236870426
111,1570.2529292474082,0.000708289718366194,0.8242676881466195,0.026913005191616508,0.011357771720399845,(4-2)rR2e(0.5)|(4-2)rR2f(0.5),2,True,[1570.2629686  1570.24473512],[0.4511 0.5489],0.0001546083892639487,0.8315006656061293
112,1571.0795306063246,0.0007074413914661198,0.23012907632391943,0.0007596339355186936,0.00038364184620745615,CO2|CH4|H20|CO2|H20|CO2|CH4|H20|CH4,9,False,"[1571.1465833  1571.14024026 1571.09056981 1571.08787983 1571.08051737
 1571.07746089 1571.05602018 1571.03757146 1570.97311715]",[0.0472 0.0691 0.0129 0.1252 0.2651 0.3455 0.0742 0.028  0.0329],0.0445198405070188,0.8886792825165399
113,1571.3096596826485,0.0007110627853996672,0.23012907632391943,0.00038176454012672035,0.0001931538649160068,CO2|CO2|CO2|CH4|CO2|CH4|H20|CH4|CO2|CH4,10,False,"[1571.43628624 1571.42033276 1571.41182388 1571.37599094 1571.37388001
 1571.35231146 1571.32939464 1571.32650928 1571.30866751 1571.27787017]",[0.105  0.0292 0.1177 0.0277 0.0144 0.0437 0.0164 0.0176 0.2815 0.3468],0.045107084471160394,0.8921076448724198
114,1571.6987525150391,0.0007110627853996672,0.38909283239058823,0.0003385200601623978,0.0001779629930602666,H20|CO2|CH4|CO2|CH4|CH4|CH4|CH4,8,False,"[1571.78634409 1571.76551498 1571.73633312 1571.72608121 1571.72252396
 1571.66775905 1571.66346102 1571.65748334]",[0.0283 0.0611 0.3421 0.067  0.0149 0.1879 0.0416 0.2572],0.00945465745185902,0.8899261975555804
115,1572.9274245710458,0.0007191525160975491,0.6836793264033076,0.0009227296532812628,0.0004504449600249789,CH4|CO2|CH4|CO2|CO2|CO2|H20|CO2|CO2|CO2|CO2|CO2|CH4,13,False,"[1573.02575436 1573.02094239 1572.9824039  1572.97241977 1572.95541449
 1572.93709506 1572.91762365 1572.91689553 1572.91644401 1572.90933036
 1572.8524873  1572.83906991 1572.77125299]","[0.1456 0.0391 0.0188 0.0478 0.0799 0.0472 0.0076 0.2246 0.1442 0.0089
 0.0854 0.0203 0.1306]",0.03431702756385549,0.9097412105709428
116,1573.611103897449,0.000757538972485981,0.31442485076286175,0.0002901203816327373,0.00015698812092706583,CO2|CH4|H20|CH4|CO2|CO2|H20|CO2|CO2,9,False,"[1573.68342354 1573.66364365 1573.64689359 1573.61810366 1573.61378579
 1573.5493128  1573.51949074 1573.49634503 1573.47762826]",[0.0221 0.0382 0.2735 0.1993 0.1634 0.144  0.0206 0.0803 0.0586],0.02049081969293044,0.8967881718624867
117,1573.925528748212,0.0007328453374271728,0.24427593162795347,0.0003711200230992317,0.00017876041302477085,CO2|CO2|CO2|CO2|CH4|CH4,6,False,"[1574.02231927 1574.00466745 1573.955031   1573.93776021 1573.90991236
 1573.9059984 ]",[0.0583 0.1367 0.0198 0.1523 0.2933 0.3396],0.028251810282144716,0.9361259360071827
118,1574.16980467984,0.0007494351993916201,0.24427593162795347,0.00026683884374689926,0.00012816100694744775,CO2|CH4|CH4|CO2|CO2,5,False,[1574.20550534 1574.18336758 1574.17860974 1574.11157967 1574.00466745],[0.3929 0.1021 0.0563 0.2924 0.1562],0.04034391073883619,0.9468676848540488
119,1574.917654348806,0.000722542448826085,0.5237358079302794,0.00017593030023520912,8.820147712340112e-05,CO2|CO2|CH4|CH4|CO2|H20|CH4|CH4|CO2|CO2|CH4,11,False,"[1575.08191058 1574.98976903 1574.98758437 1574.98408675 1574.92470899
 1574.92270434 1574.91145887 1574.89761866 1574.89039258 1574.79783225
 1574.78308662]","[0.3763 0.0138 0.0154 0.0144 0.2706 0.0119 0.0633 0.015  0.1133 0.0242
 0.0819]",0.014124146754508623,0.9496380448301814
120,1575.4413901567364,0.0007320097313293032,0.5237358079302794,0.000380926457740321,0.00019291964123640518,CO2|CH4|CH4|CO2|CH4|CO2|CH4|H20|CO2|CO2|CO2|CO2,12,False,"[1575.54895766 1575.54633605 1575.52250589 1575.51489528 1575.50699185
 1575.46772755 1575.42863199 1575.42591249 1575.42352832 1575.39175988
 1575.34477919 1575.30757401]","[0.0913 0.076  0.0256 0.0153 0.0233 0.1821 0.0536 0.011  0.3175 0.0268
 0.026  0.1514]",0.060748223134889305,0.9503043978296384
121,1576.0312118655788,0.0008026307460425604,0.5898217088424644,0.002109520835227723,0.0012216981140324148,(3-1)pP2e(6.5)|(3-1)pP2f(6.5),2,True,[1576.08347588 1575.98281004],[0.4934 0.5066],0.008681755534669327,0.9401603676597723
122,1576.7888798486867,0.0010259000212953717,0.6887871946339601,0.0016304772113388036,0.0012365764868320995,CO2|CO2|CO2|H20,4,False,[1576.79990372 1576.7531008  1576.73847566 1576.72374836],[0.7103 0.0586 0.081  0.1502],0.020344385730535094,0.9265838089384216
123,1577.4776670433207,0.0007450750204980936,0.6887871946339601,0.0002929435146532696,0.00015828250557891124,CO2|CH4|CO2|CO2|CO2|CO2|CO2|CO2,8,False,"[1577.63217727 1577.49487756 1577.4885613  1577.44439119 1577.44164284
 1577.41076536 1577.40184313 1577.37545251]",[0.1069 0.2646 0.3605 0.0763 0.0644 0.0363 0.0457 0.0453],0.03795925332267064,0.9406968810945184
124,1578.3069542357348,0.0009376979691531149,0.8292871924140854,0.0032228735883201762,0.001502057140317318,(3-1)pP1f(7.5)|(3-1)pP1e(7.5)|H20,3,False,[1578.30971414 1578.11582348 1578.30379686],[0.4834 0.4913 0.0254],0.03807226550672708,0.9418712812065376
125,1579.1485158294795,0.0007228386200055095,0.8415615937447001,8.553531067038276e-05,5.465911696271501e-05,CH4|CH4|CH4|CH4|CO2|CO2,6,False,"[1579.30454061 1579.27984839 1579.19632457 1579.14053887 1579.10547245
 1579.06301999]",[0.158  0.1115 0.0619 0.5486 0.0841 0.0359],0.0009271602932604785,0.839677029049032
126,1581.2965420968783,0.0007507985016626056,0.37487226860662304,0.0004588576427812292,0.0002403323979181773,CO2|CH4,2,False,[1581.29519938 1581.25414358],[0.9841 0.0159],0.03677878052866402,0.9526865148747493
127,1581.671414365485,0.0007298093584780367,0.22938811214658017,0.0006135818419572679,0.000312598449720289,(4-2)qP21e(6.5)|CO2|CO2|CO2,4,False,[1581.65293205 1581.73378471 1581.67275641 1581.67014165],[0.0158 0.021  0.0191 0.9441],0.025462045309477207,0.9514738115630879
128,1581.9008024776315,0.0007077774840855477,0.22938811214658017,0.0007769605198923604,0.0003864580003220157,CH4|CO2|CO2,3,False,[1581.92510097 1581.90106795 1581.84299688],[0.0187 0.9635 0.0179],0.018964962292359017,0.9492806817059762
129,1582.1689349556857,0.0007000150217663758,0.26250563316739317,0.0010464881855961105,0.0005118303999582946,CH4|CH4|H20|CH4,4,False,[1582.1728109  1582.13318511 1582.10153397 1582.09521331],[0.9431 0.0154 0.0233 0.0182],0.055327141737351766,0.9534366015236512
130,1582.431440588853,0.0007000150217663758,0.26250563316739317,0.0011699394287607657,0.0005477236246466032,H20|CO2,2,False,[1582.43073464 1582.42408807],[0.9868 0.0132],0.019688463232491623,0.9443091726168561
131,1583.0396618304674,0.0008121875120375154,0.2877979862664688,0.022871701048525567,0.0087033117466423,(4-2)qQ2f(0.5)|(4-2)qQ2e(0.5)|CO2,3,False,[1583.06734307 1582.99949774 1583.0530378 ],[0.5091 0.4486 0.0423],0.004478380824463999,0.8988353960467907
132,1583.3274598167338,0.0007000150217663758,0.2877979862664688,0.23251831365231915,0.0909428225858,(4-2)qQ1f(1.5)|(4-2)qQ1e(1.5),2,True,[1583.33761732 1583.31595826],[0.5001 0.4999],0.003507925083315282,0.9513131082967696
133,1583.8857217966056,0.0007082897183506962,0.3706639886445373,0.0024722902504918727,0.0011161138249406702,CO2|CH4|H20,3,False,[1583.89850669 1583.89136862 1583.88704813],[0.0398 0.0216 0.9387],0.033786135949904116,0.953179363923422
134,1584.2563857852501,0.001212090070823446,0.3706639886445373,0.007415725274131789,0.0024206823736680045,(4-2)qQ2f(1.5)|(4-2)qQ2e(1.5)|H20|CH4|CH4,5,False,[1584.3074998  1584.1932693  1584.31235252 1584.28455626 1584.12082356],[0.3778 0.3772 0.0093 0.111  0.1246],0.002495206206669067,0.9541166005456011
135,1584.8044915126936,0.0007000150217663758,0.5481057274434988,0.07127674202224522,0.028055255960873753,(4-2)qQ1f(2.5)|(4-2)qQ1e(2.5),2,True,[1584.84560098 1584.76587983],[0.5003 0.4997],0.004101460322315805,0.9543539316975842
136,1585.3715036803355,0.0007000150217663758,0.23800510740670688,0.0007774528863966469,0.0003145796019282389,CH4|CO2|CH4,3,False,[1585.37688943 1585.37374339 1585.20192445],[0.0239 0.7285 0.2476],0.005328203313789358,0.9544874130578267
137,1585.6095087877422,0.0007000150217663758,0.22750488207907438,0.0012040538257883312,0.0004887734891839255,CH4|CH4,2,True,[1585.6492904  1585.60760468],[0.0183 0.9817],0.009941851849970651,0.9505966280294115
138,1585.8370136698213,0.0007000150217663758,0.22750488207907438,0.0017996191911939822,0.0007381638360895387,CH4|CO2,2,False,[1585.85516153 1585.83476088],[0.1416 0.8584],0.005640172811269525,0.9546306463062685
139,1586.2321833567544,0.0011627281446126103,0.395169686933059,0.0037843419125948583,0.001181259918134827,(4-2)qQ2f(2.5)|(4-2)qQ2e(2.5)|CH4,3,False,[1586.31133359 1586.18677498 1586.22834017],[0.353  0.3503 0.2967],0.0015885264144288981,0.9490566486347133
140,1587.7084236564199,0.0008504308235284025,0.7816469459542077,0.001963591697066185,0.0008521334837365844,CO2,1,True,[1587.70938239],[1.],0.007958274026869291,0.9546859761938136
141,1588.490070602374,0.0007000150217663758,0.7816469459542077,0.0015678300521906915,0.0007103047516031747,CH4,1,True,[1588.48995429],[1.],0.0020640748865167475,0.9503796250862432
142,1589.574082226495,0.0010788655227495767,0.31423174316978475,0.004697241843458544,0.0019332214764461457,(3-1)pP2f(7.5)|(4-2)qQ1e(4.5)|H20,3,False,[1589.64762048 1589.56614894 1589.59839323],[0.0633 0.8323 0.1044],0.0036848598604033757,0.9547085917196445
143,1589.8883139696648,0.0007089111445978647,0.31423174316978475,0.004526624462192946,0.0018779095983225272,(4-2)qQ1f(4.5)|(3-1)pP2e(7.5)|CO2,3,False,[1589.89156161 1589.77957846 1589.88156029],[0.8541 0.0645 0.0814],0.004315398341956595,0.9549730223252418
144,1590.721951255428,0.0007131084128104118,0.8336372857631886,0.00017581427275772975,0.00010257194332246316,CO2|CH4,2,False,[1590.72569987 1590.69959939],[0.8483 0.1517],0.01018859204073803,0.9549531694925629
145,1594.3106955084875,0.0007000150217663758,0.38850833708943355,0.0001467370825680678,7.492315506452261e-05,CO2,1,True,[1594.3120357],[1.],1.1458140331902507e-06,0.9512172419429121
146,1594.699203845577,0.0007000150217663758,0.38850833708943355,0.0008058479165960438,0.0003077151653861715,CH4,1,True,[1594.69932152],[1.],4.03820174271699e-08,0.9550687365390793
147,1595.1448806508356,0.0007131084127897411,0.2636711754207681,0.00012232648416411206,0.0001096919296127867,H20,1,True,[1595.14424056],[1.],0.006948686052422674,0.9551266480810421
148,1595.4085518262564,0.0007131084127897411,0.2636711754207681,0.00026817333450379513,0.00012779572822124152,CO2,1,True,[1595.40344892],[1.],0.00840746086787666,0.9548757698249851
149,1596.7677473728522,0.0008459709583527806,0.4935114524439541,0.0005384463086527063,0.00022455522935425,(4-2)qQ2e(5.5)|(4-2)qQ2f(5.5)|CH4,3,False,[1596.773561   1596.67328021 1596.77130288],[0.0857 0.0856 0.8288],0.0012749187404551658,0.9548587031122605
150,1597.2612588252962,0.0007000150217663758,0.4935114524439541,0.05224215861238343,0.02114947040927645,(4-2)pP2f(1.5)|(4-2)pP2e(1.5),2,True,[1597.27382111 1597.24564313],[0.5026 0.4974],0.006536369598829308,0.9480362962977887
151,1598.3112813579698,0.0007000150217663758,0.4165089379600886,0.0012537624360003175,0.0006789713706810825,CO2|CH4,2,False,[1598.31476555 1598.3104963 ],[0.1472 0.8528],0.00047288386747943584,0.9525066801885065
152,1598.72779029593,0.0007000150217663758,0.3255069851265944,0.0009872576500708904,0.00040822773321601996,H20,1,True,[1598.72883817],[1.],5.245725944855321e-07,0.9496831647624266
153,1599.0532972810565,0.0007000150217663758,0.3255069851265944,7.970318880396493e-05,7.44682034585716e-05,CH4,1,True,[1599.05410193],[1.],0.0008178192001118341,0.8826554813589487
154,1599.9589425775744,0.0007507985017432261,0.5751778601140813,0.001754200908731284,0.0008377963579382283,CH4|CO2|CH4|CO2,4,False,[1599.98100503 1599.96648237 1599.94232528 1599.90930972],[0.0126 0.8706 0.0845 0.0323],0.01518051889072022,0.9511446126161104
155,1600.5341204376884,0.0007094974601471965,0.5751778601140813,0.0016300933562596392,0.000642597804148144,CO2|CO2,2,True,[1600.67110736 1600.52480312],[0.3179 0.6821],4.336429455790514e-15,0.94470668976533
156,1601.729167634202,0.0008591721284989484,0.37269506671555064,0.0016615153043504994,0.0006368430642973531,CO2,1,True,[1601.72858703],[1.],0.008314481286797924,0.9491639403361123
157,1602.1018627009175,0.0007000150217663758,0.37269506671555064,0.0021256651280256817,0.0008180123810687432,H20,1,True,[1602.10190053],[1.],2.5441978136183095e-05,0.9420330080897004
158,1603.0818837314096,0.0007000150217663758,0.3393133158861019,0.17305245382332377,0.06751398691695377,(4-2)pP1f(2.5)|(4-2)pP1e(2.5),2,True,[1603.09992445 1603.06570703],[0.4994 0.5006],0.0023812619033959817,0.9466189880403195
159,1603.4211970472957,0.0007730401323370597,0.3393133158861019,0.0029288830693381587,0.0011075471991658515,CO2|CO2,2,True,[1603.49105762 1603.41364713],[0.1473 0.8527],0.005525336774559433,0.9490385018650477
160,1603.8619875408017,0.000764647769365516,0.4407904935060287,0.0004395588485459542,0.0004175298785352597,H20|CH4|CH4,3,False,[1603.95580824 1603.86366909 1603.85435713],[0.0764 0.515  0.4087],0.00039055841524887304,0.9286874630897617
161,1604.3535661931478,0.0007920346188619261,0.49157865234610654,0.0021464417970834876,0.0006954000168668425,(3-1)oP12e(4.5)|(3-1)oP12f(4.5)|(3-1)pP2e(8.5)|CO2,4,False,[1604.39056802 1604.30102229 1604.2917782  1604.3546248 ],[0.1273 0.1051 0.0271 0.7405],0.0007718060491348026,0.9051865204162197
162,1605.188928946974,0.0007000150217663758,0.5143580204835416,0.002822552502401149,0.0010598320763553712,CO2,1,True,[1605.1889523],[1.],1.9030152701117886e-07,0.9523399490626324
163,1605.7032869674576,0.001720025235645649,0.5143580204835416,0.0001381647744469082,9.089936334677275e-05,(3-1)pP1e(9.5)|CO2,2,False,[1605.71500894 1605.68290487],[0.7217 0.2783],0.0002928953919313674,0.9548055128087314
164,1606.6834610184762,0.0007000150217663758,0.511010965900141,7.57776667000687e-05,4.985021301086212e-05,CO2,1,True,[1606.68203325],[1.],5.095749407881178e-11,0.9515026270546815
165,1607.1944719843764,0.0007000150217663758,0.511010965900141,0.0013602664028004884,0.0005087050114664554,CO2,1,True,[1607.19528136],[1.],0.0010835236314572698,0.9490957365380883
166,1607.9749887336652,0.0007000150217663758,0.3184706272368203,0.06753526791901557,0.02823211725085849,(4-2)pP2f(2.5)|(4-2)pP2e(2.5),2,True,[1607.98053212 1607.97036137],[0.4997 0.5003],0.0010370281573682037,0.9513346877041595
167,1608.293459360902,0.0007168753617681243,0.3184706272368203,0.0024064733715662605,0.0008998028192682231,CH4,1,True,[1608.29442467],[1.],0.0014364010634221635,0.9426327599972779
168,1609.0044000481732,0.0007157013584166103,0.3087234353117765,0.00015784553432017767,9.674404051838617e-05,CO2,1,True,[1609.00505267],[1.],0.0012644514552717827,0.9252807562554081
169,1609.313123483485,0.0007441407967938876,0.3087234353117765,0.0002730596719828257,0.00014488174528599627,(4-2)qR12e(3.5)|(4-2)qR12f(3.5)|CO2,3,False,[1609.36336034 1609.2570255  1609.31430617],[0.4252 0.4148 0.16  ],3.898934824732982e-05,0.9446207886233582
170,1611.1107646456817,0.0007094974601343774,0.7633077593045527,0.0012853979877066636,0.0004824700176442641,CO2|H20,2,False,[1611.11685478 1610.97965166],[0.8096 0.1904],0.002089383114982504,0.9476016198580202
171,1611.8740724049862,0.0007000150217663758,0.7633077593045527,0.002184824399203614,0.0007499821418777154,(4-2)qR12f(1.5)|(4-2)qR12e(1.5)|CO2,3,False,[1611.88497812 1611.8607072  1611.87726619],[0.4308 0.4375 0.1317],2.6957696308357533e-05,0.9512228657488287
172,1612.8610935856993,0.0007000150217663758,0.8785188523349916,0.17247989886363743,0.0684668175046237,(4-2)pP1f(3.5)|(4-2)pP1e(3.5),2,True,[1612.8922621  1612.82908987],[0.4987 0.5013],0.0009029893443035858,0.9518901396739666
173,1613.7396124380343,0.0007788157516189409,0.6708471544827717,0.01726567580699806,0.006504149025817385,CH4|CH4|CO2|CH4|CO2,5,False,[1613.82128188 1613.77133067 1613.74671846 1613.66474543 1613.62065378],[0.1535 0.2236 0.2398 0.2154 0.1677],0.006693333208615622,0.9539009926200342
174,1614.410459592517,0.0007450750204096979,0.3266742515565966,0.010628506366882617,0.003995812728593825,CO2|CO2|CH4|CO2|CO2|CH4|H20|CO2|CH4|CH4,10,False,"[1614.47873649 1614.45541793 1614.43382104 1614.42918766 1614.42116943
 1614.39680324 1614.37068511 1614.32864311 1614.29242859 1614.27077352]",[0.1646 0.0327 0.1658 0.0611 0.0738 0.1526 0.0712 0.1261 0.0585 0.0936],0.006741766657728623,0.9545593081038782
175,1614.7371338440737,0.0007000150217663758,0.3266742515565966,0.0010154406524393541,0.0005025919309367868,CH4,1,True,[1614.73795879],[1.],0.003138523550787375,0.9506742623628297
176,1615.4856029228827,0.0007106618425007007,0.7484690788089665,0.004403947760685909,0.0016363832725179198,CH4,1,True,[1615.48474437],[1.],0.009909288237940043,0.9538259822160756
177,1616.3887322171336,0.000708952553653587,0.5744493962067736,0.0015769322787883091,0.0007678200543335856,CO2|CO2,2,True,[1616.39601827 1616.32987826],[0.9581 0.0419],0.006893364606929769,0.9507142101462936
178,1616.9631816133403,0.0007000150217663758,0.4206288539560319,0.0014951887553048627,0.0006847761377937344,H20,1,True,[1616.96150108],[1.],0.00382604092910252,0.9525586681685362
179,1617.3838104672964,0.0007036661864914158,0.4206288539560319,0.004957800392566086,0.0018203575947506514,(5-3)rQ21f(3.5)|(5-3)rQ21e(3.5)|CO2,3,False,[1617.47163117 1617.33104785 1617.38415653],[0.0222 0.0212 0.9566],0.002270489836124909,0.9540876134143902
180,1618.002703920684,0.0007164688545526856,0.6188934533877273,0.0026076743197417014,0.000976560720746686,CO2|CO2,2,True,[1618.1717215  1617.99731891],[0.3575 0.6425],0.0022721483384729123,0.9546972942567382
181,1619.0705182144654,0.0007416197298241386,0.39364724046936317,0.005883972765820734,0.0022429038724863146,CO2|CO2,2,True,[1619.11090616 1619.06462848],[0.1719 0.8281],0.01180106736427855,0.9526930135393762
182,1619.4641654549348,0.0009475827619914702,0.39364724046936317,0.05424597984114936,0.023270799172853233,(4-2)pP2e(3.5)|(4-2)pP2f(3.5)|H20,3,False,[1619.46901096 1619.45448804 1619.58014059],[0.4811 0.4798 0.039 ],0.008090016609237735,0.954102135086418
183,1619.9857887175326,0.0007272667142268653,0.5216232625978137,0.00039368634799736034,0.000176327406793756,CH4|CH4,2,True,[1620.07104724 1619.98788748],[0.0261 0.9739],0.010094012104494255,0.9535131129354131
184,1620.856118169991,0.0010118398840953983,0.6320769259530152,0.004684501306009201,0.0017532324040048064,(5-3)rQ21e(1.5)|CH4|CO2,3,False,[1620.96998581 1620.91165356 1620.85282055],[0.0573 0.0386 0.9041],0.006500021019712838,0.955885059594453
185,1621.488195095944,0.0007074413914399636,0.3225905432334457,0.003383286040644846,0.0012851881670883569,CO2|CH4,2,False,[1621.49326106 1621.37476512],[0.8522 0.1478],0.002951924739731879,0.9542904211206058
186,1621.8107856391775,0.0007000150217663758,0.3225905432334457,0.0009111003878694296,0.00040091395866219355,CH4,1,True,[1621.81070722],[1.],0.009538538292875643,0.9554587655691175
187,1622.3824642862685,0.0007396529591579824,0.16683720088735754,0.0027661684063407053,0.0010412454146340668,CH4|H20|CO2,3,False,[1622.55459929 1622.37398493 1622.21043657],[0.495  0.3461 0.159 ],0.0020376500791127817,0.9544987500163545
188,1622.5493014871558,0.0007000150217663758,0.16683720088735754,0.0037268624539600597,0.0014331460349012472,CH4|H20,2,False,[1622.55459929 1622.37398493],[0.5885 0.4115],0.0018194233648969908,0.9553414619546036
189,1622.7961662674418,0.0008505566562984102,0.24686478028593228,0.0016336302439500581,0.0007223301616613045,(3-1)oP12f(5.5)|H20|CO2,3,False,[1622.82464667 1622.84400624 1622.79002456],[0.0711 0.0472 0.8818],0.007739483974337701,0.9539582923348617
190,1623.5363226678676,0.0007000150217663758,0.7401564004258034,0.10172082452484878,0.041759744367037166,(4-2)pP1f(4.5)|(4-2)pP1e(4.5),2,True,[1623.58564016 1623.48970054],[0.4985 0.5015],0.0007112693774944553,0.9540751192630443
191,1624.3308397175913,0.0007000150217663758,0.31149246024847344,0.0015424080245807518,0.0007162356557113152,CO2,1,True,[1624.33148849],[1.],0.0026320464116205977,0.9557883994125338
192,1624.6423321778398,0.001062931470659566,0.31149246024847344,0.003396422515327738,0.001360678474650501,(5-3)rR1e(7.5)|(5-3)rR1f(7.5)|CH4|CH4,4,False,[1624.6375655  1624.57688411 1624.72445892 1624.62053941],[0.0256 0.0251 0.335  0.6143],0.0014454090008394174,0.9555015626692946
193,1625.0816178976766,0.0007078782807948187,0.228985517299634,0.0033770344783676134,0.0014274591118705506,CO2|CO2,2,True,[1625.09521222 1625.05827668],[0.6197 0.3803],0.0053431356051464925,0.9557492172248039
194,1625.3106034149762,0.00122755473356753,0.228985517299634,0.001287813986925258,0.0006237703278061223,(5-3)rR2f(6.5)|(5-3)rR2e(6.5)|CO2|CO2,4,False,[1625.30394786 1625.24252513 1625.31757789 1625.09521222],[0.0196 0.0196 0.3365 0.6244],0.00844865073250901,0.954394345172913
195,1625.629367582995,0.0007000150217663758,0.28175604626653694,0.001015080091330522,0.000516622956900074,CO2,1,True,[1625.62862122],[1.],0.013064007405812745,0.9516100789359971
196,1625.9111236292615,0.000708289718366194,0.28175604626653694,0.0048987372772572,0.0019731348436653833,CO2|CH4|CH4,3,False,[1625.93665272 1625.92920553 1625.8894963 ],[0.342  0.1586 0.4994],0.0049724602836329285,0.9519434522504667
197,1626.366717026635,0.0007074413914550366,0.45559339737337723,0.001996639301281227,0.0008905397171577842,CO2|CO2|CH4,3,False,[1626.40122378 1626.36159041 1626.20791471],[0.1936 0.5583 0.2481],0.00553520878300417,0.9557862407261629
198,1627.459906002867,0.0007642588929873824,0.24618502432031164,0.00018161385503170167,0.00011800102359263183,CO2|CO2|CO2|CH4|CO2|CO2,6,False,"[1627.70478791 1627.55659905 1627.52283609 1627.46737888 1627.45414421
 1627.39343008]",[0.8444 0.004  0.0043 0.0069 0.133  0.0074],0.005514207024520838,0.9556101600059874
199,1627.7060910271873,0.0007484830841628648,0.24618502432031164,0.0010139417388971316,0.00046251289200989785,CO2|CO2,2,True,[1627.71889807 1627.70478791],[0.0968 0.9032],0.01079708235951138,0.9559488467068677
200,1627.970190229034,0.0008465330186654858,0.2640992018466477,0.0005879508461722271,0.0003886665386549482,(5-3)rR2f(5.5)|(5-3)rR2e(5.5)|CO2,3,False,[1628.00064467 1627.94457235 1627.95298686],[0.4607 0.4592 0.08  ],0.015969391694075345,0.9544980978538785
201,1628.6210559202477,0.0007271440757263112,0.41213470616116865,0.002437872701583617,0.0009518126441444107,CH4|CH4,2,True,[1628.62576883 1628.48806673],[0.7969 0.2031],0.020904383189635892,0.9531157655772255
202,1629.033190626409,0.0007082897183816917,0.41213470616116865,0.0007830490810172779,0.0004673461181554801,CO2|CH4|CO2,3,False,[1629.05912248 1629.03917412 1629.02958877],[0.0156 0.1334 0.851 ],0.012547048491115471,0.9523026752620964
203,1629.749830142869,0.0007190863734293716,0.48163533552337867,0.0003016572398345106,0.00015687245890179792,CO2,1,True,[1629.74726549],[1.],0.008563373406664791,0.9547979134496043
204,1630.2314654783925,0.0009851966330219268,0.48163533552337867,0.0038759291191261067,0.0022153117038403868,(5-3)rR1e(5.5)|(5-3)rR1f(5.5)|CO2,3,False,[1630.25913396 1630.19697978 1630.27118339],[0.4807 0.4762 0.0431],0.00018513722739907815,0.955829619106102
205,1630.7846260556878,0.0008323609616542646,0.40636087536177,0.003219572953309843,0.0012413519809519936,(4-2)pQ12f(1.5)|(4-2)pQ12e(1.5),2,True,[1630.82021254 1630.74636505],[0.4959 0.5041],0.0018357581859007122,0.9547059333609045
206,1631.1909869310496,0.0007000150217663758,0.40636087536177,0.0017928380171760353,0.0006995622886025267,CO2,1,True,[1631.19126458],[1.],0.0006359876130299823,0.9559624357391915
207,1631.7159981973869,0.0007000150217663758,0.5250112663372875,0.028381518928462437,0.013490478703234624,(4-2)pP2e(4.5)|(4-2)pP2f(4.5),2,True,[1631.73788371 1631.69490951],[0.5002 0.4998],0.005908897590815344,0.9558173794165449
208,1632.290300176635,0.0008167931843353906,0.5743019792480482,0.0005849289491074209,0.0005245859806917524,CO2|H20,2,False,[1632.29458801 1632.16526525],[0.7768 0.2232],0.001590159787147697,0.9546002472653916
209,1634.1765509989489,0.0007000150217663758,0.3984249292018376,0.012643826707599136,0.006639535612406892,(5-3)rR1e(4.5)|(5-3)rR1f(4.5),2,True,[1634.20464836 1634.14678148],[0.5016 0.4984],0.0019654530799802085,0.9561148572621644
210,1634.5749759281507,0.0007074413914552584,0.3984249292018376,0.0005631580700705351,0.000528028004521675,CO2,1,True,[1634.57510725],[1.],0.0033677555042664893,0.9562201742487727
211,1635.1290093690027,0.0007110042524277883,0.5540334408519811,0.04065216722364621,0.017850810000435174,(4-2)pP1f(5.5)|(4-2)pP1e(5.5),2,True,[1635.19597179 1635.06498739],[0.5 0.5],1.3540790126718304e-16,0.9535025887813939
212,1636.038590956887,0.0007000150217663758,0.9095815878843041,0.006838463277678868,0.0037901505667766906,(5-3)rR2f(3.5)|(5-3)rR2e(3.5),2,True,[1636.05600522 1636.02104541],[0.5001 0.4999],5.612108491453775e-05,0.9528273747336874
213,1637.7253357738177,0.0007094974601215582,1.1238758416463952,0.00011482761879643136,0.00011712638062244527,CH4|CH4,2,True,[1637.85718731 1637.72108203],[0.1453 0.8547],1.1012269375693124e-11,0.6790425109033115
214,1638.8492116154641,0.0007184990905813207,1.1238758416463952,0.03400990983275515,0.01607582668660053,(5-3)rR1e(3.5)|(5-3)rR1f(3.5),2,True,[1638.87430681 1638.82438062],[0.501 0.499],0.002710228169040922,0.956089526853616
215,1640.9210129712715,0.0007271686051094173,0.5531946297505783,0.0008490707692009894,0.0003770102216911427,(5-3)qP21e(2.5)|(5-3)qP21f(2.5),2,True,[1640.92782743 1640.91552502],[0.5058 0.4942],0.0008233171438085184,0.9557990400466788
216,1641.474207601022,0.0007000150217663758,0.5531946297505783,0.016725280029733093,0.008400365301389481,(5-3)rR2f(2.5)|(5-3)rR2e(2.5),2,True,[1641.48328112 1641.4643173 ],[0.4996 0.5004],1.6015362544780853e-05,0.9552019866482399
217,1642.2582244254158,0.0007000150217663758,0.7840168243938024,0.00014451846529743153,0.00016134049485059325,CO2,1,True,[1642.25932968],[1.],3.524001169517468e-05,0.9547667494054869
218,1644.2147664112977,0.0007000150217663758,0.5460117169882324,0.0674042504812854,0.029702238677044437,(5-3)rR1e(2.5)|(5-3)rR1f(2.5),2,True,[1644.23478458 1644.19641604],[0.5006 0.4994],0.0006834455395919971,0.9560824969514757
219,1644.760778128286,0.0007000150217663758,0.48213620834030735,0.010567139015215776,0.005573385441878858,(4-2)pP2e(5.5)|(4-2)pP2f(5.5),2,True,[1644.79868168 1644.72506989],[0.4976 0.5024],1.9524822883047073e-12,0.9500191171263398
220,1645.2429143366262,0.0007190863734459451,0.48213620834030735,0.0001260894401188991,0.00013740513333484184,CH4,1,True,[1645.24421594],[1.],4.2249939469868524e-07,0.9518336049585966
221,1647.5762963057525,0.0007272667142801233,0.3263828659912633,0.012810529741151067,0.006382309607525791,(4-2)pP1f(6.5)|(4-2)pP1e(6.5)|(5-3)qP21f(3.5),3,False,[1647.73261279 1647.56482985 1647.50839939],[0.4953 0.4948 0.01  ],0.006425645974511542,0.9463954057160995
222,1647.9026791717438,0.0007074413914552584,0.3263828659912633,0.029540962654716636,0.013753253327827909,(5-3)rR2f(1.5)|(5-3)rR2e(1.5)|(4-2)pP1f(6.5),3,False,[1647.90635195 1647.90614736 1647.73261279],[0.3546 0.3551 0.2902],3.502355613837586e-06,0.9535686896098854
223,1650.2351507765065,0.0007200365899727872,0.6857595434566974,0.08333029900049765,0.03541678542368257,(5-3)rR1e(1.5)|(5-3)rR1f(1.5),2,True,[1650.24857869 1650.2244875 ],[0.5029 0.4971],2.182730076333542e-06,0.9480284611552985
224,1650.9209103199632,0.0007000150217663758,0.6857595434566974,0.000560145349717592,0.0005075639547968433,CH4,1,True,[1650.9192196],[1.],0.0001719864157649397,0.9018774064848467
225,1652.5924858458548,0.0007951045357167462,0.4751369202101614,0.00024910398353623355,0.0003031537538577849,CO2|CH4|CH4,3,False,[1652.68553348 1652.58646473 1652.42029753],[0.1982 0.553  0.2488],1.2431255785387178e-05,0.9562688168619682
226,1653.067622766065,0.0007396529592073803,0.4751369202101614,0.0003658272764331708,0.00016268577936313068,(4-2)pQ12f(4.5)|(4-2)pQ12e(4.5),2,True,[1653.220718   1653.05253973],[0.493 0.507],0.00039420608499854913,0.9560671831601707
227,1655.3814866439352,0.0008159233179339648,1.0972507013241284,0.030611220354390924,0.01362976430112775,(5-3)rR2e(0.5)|(5-3)rR2f(0.5),2,True,[1655.39092808 1655.37219801],[0.5049 0.4951],0.0002965624825212253,0.9434863035985366
228,1656.4787373452593,0.000727266714237215,0.20971312097026384,0.00010155982463775947,5.405357980278418e-05,CH4,1,True,[1656.47352097],[1.],0.006232896207447518,0.9476137399185632
229,1656.6884504662296,0.0007074413914552584,0.20971312097026384,0.00018108577095888144,0.00016891227869767565,CO2|CH4,2,False,[1656.6903156  1656.47352097],[0.376 0.624],0.0029954578294632524,0.9479761565127393
230,1657.3715487456798,0.0007000150217663758,0.5845125431878841,0.0001141531806223782,5.847969119768399e-05,CH4,1,True,[1657.37303027],[1.],7.223322062744147e-05,0.9562197820761679
231,1657.9560612888677,0.0007000150217663758,0.5845125431878841,0.00011384838899717299,5.748149765581271e-05,CO2,1,True,[1657.9558652],[1.],5.4092621229953265e-12,0.9550492560955032
232,1658.6339693707353,0.0011010261023439243,0.6779080818675993,0.0029517848376639623,0.001731997969413701,(4-2)pP2e(6.5)|(4-2)pP2f(6.5),2,True,[1658.6852025  1658.57932355],[0.5004 0.4996],0.005169332258182002,0.9550811978462929
233,1659.5943869633143,0.0007253675857791184,0.4314101197967375,8.005519232065942e-05,3.9551257998371366e-05,CH4,1,True,[1659.59072501],[1.],0.005637855084673012,0.9567654542974582
234,1660.025797083111,0.0007086589689472704,0.2790788336424157,5.622438318180075e-05,2.7508363357066388e-05,CH4,1,True,[1660.0272769],[1.],0.0026686114587510692,0.9561795881308974
235,1660.3048759167534,0.0009550221126935611,0.2790788336424157,3.345761707637797e-05,1.8380148544399952e-05,(5-3)qP21e(5.5),1,True,[1660.30182462],[1.],0.00881373680445982,0.9572841826801917
236,1661.0034577181254,0.0008671502940175489,0.1980628709661687,0.0035599132133388245,0.002049104837120932,(4-2)pP1f(7.5)|(4-2)pP1e(7.5),2,True,[1661.20590834 1660.99958198],[0.4966 0.5034],0.001074547624703481,0.957125685908132
237,1661.2015205890916,0.0008844731706498706,0.1980628709661687,0.0035571444020244753,0.0020362422949829354,(4-2)pP1f(7.5)|(4-2)pP1e(7.5),2,True,[1661.20590834 1660.99958198],[0.4966 0.5034],0.0052933308155029115,0.9542773190694359
238,1661.7457684751257,0.0007507985016926817,0.5442478860340998,0.0005719691784132907,0.0006355451578179845,CH4|H20,2,False,[1661.75153797 1661.70504058],[0.7815 0.2185],2.601346767754174e-09,0.9570033002316085
239,1662.66366231035,0.0007000150217663758,0.4165072137848256,9.030635663530623e-05,4.470786503684296e-05,CH4,1,True,[1662.66228311],[1.],0.00035879054678224367,0.9550808230135188
240,1663.0801695241348,0.0007809808269531023,0.4165072137848256,0.00011542261919874085,6.402657453464932e-05,CO2,1,True,[1663.07869081],[1.],0.0014836616770163554,0.9558155549240294
241,1664.90721045516,0.0007000150217663758,0.421745688267265,0.00011135698945693434,5.9089966807969596e-05,CO2,1,True,[1664.90711097],[1.],7.51279006583489e-05,0.9558235936899498
242,1665.3289561434274,0.0009958782010109203,0.421745688267265,0.00011567425173198621,6.851627707535842e-05,(3-1)oP12e(7.5)|CO2|CO2,3,False,[1665.27705696 1665.35494901 1665.32658114],[0.0605 0.0522 0.8873],3.3395786921149513e-07,0.8990686698928596
243,1666.2337389214365,0.0007325532119849691,0.3082979951479956,6.357121539443169e-05,3.7564928486933546e-05,H20,1,True,[1666.23831956],[1.],0.00022487656342013907,0.9193737356310876
244,1666.5420369165845,0.0007094974601471965,0.3082979951479956,5.0580733505043075e-05,3.0351132288397743e-05,CO2,1,True,[1666.54148135],[1.],0.0010809923598359944,0.948298275909957
245,1668.150905924428,0.0007507985017139855,0.7668078344147489,0.00016944792179854573,0.00016275504653711663,CH4|CH4,2,True,[1668.15543701 1668.12132407],[0.7734 0.2266],0.00030521071132585666,0.9509255992457907
246,1668.9177137588426,0.0011098986914541123,0.31908960603686864,0.022374021159820214,0.009441100446367923,(5-3)qQ2f(0.5)|(5-3)qQ2e(0.5),2,True,[1668.95593896 1668.88469221],[0.5008 0.4992],0.004999967292644443,0.9560409056376222
247,1669.2368033648795,0.0007000150217663758,0.31908960603686864,0.2271054621629117,0.09473750396719066,(5-3)qQ1f(1.5)|(5-3)qQ1e(1.5),2,True,[1669.24901901 1669.22711676],[0.5002 0.4998],1.775269143108954e-05,0.9559229091857587
248,1670.885338741175,0.0007000150217663758,1.5925333124641838,0.07107461096061862,0.029778207813622743,(5-3)qQ1f(2.5)|(5-3)qQ1e(2.5),2,True,[1670.92574891 1670.84473039],[0.5004 0.4996],4.669806195723715e-07,0.9563962492784979
249,1672.4778720536392,0.0007642588929291104,0.6860155834338002,0.0018841373169449717,0.0008556137326753198,(5-3)qQ2f(2.5)|(5-3)qQ2e(2.5),2,True,[1672.54080376 1672.40731596],[0.5006 0.4994],7.567314723713455e-09,0.9567876742625653
250,1673.163887637073,0.0007164688545833273,0.17062736842854065,0.014723672368394582,0.006478886346475611,(5-3)qQ1f(3.5)|(5-3)qQ1e(3.5),2,True,[1673.34045981 1673.15594591],[0.501 0.499],0.005115266602453766,0.9554871474007722
251,1673.3345150055015,0.0009394241909738512,0.17062736842854065,0.015342055559350979,0.006782038705811778,(4-2)pP2e(7.5)|(5-3)qQ1f(3.5)|(4-2)pP2f(7.5)|(5-3)qQ1e(3.5),4,False,[1673.43551948 1673.34045981 1673.29577974 1673.15594591],[0.0151 0.4858 0.0151 0.4839],0.0008730850537970763,0.9567355990677734
252,1674.2769115217066,0.0007000150217663758,0.22867128641883028,0.0015952994116050702,0.0018314223865145119,H20,1,True,[1674.27666122],[1.],0.0019669786095410043,0.9553702006807138
253,1674.5055828081254,0.0007074413914552584,0.22867128641883028,0.0007072024144324784,0.0007888703267953046,CH4|H20,2,False,[1674.50773332 1674.27666122],[0.3106 0.6894],0.00028211905978510607,0.9468140289945959
254,1675.1705617332323,0.0008205279475467154,0.6649789251068796,0.002150081217420877,0.0022287657819324365,(4-2)pP1e(8.5)|CH4,2,False,[1675.38344952 1675.16847613],[0.6228 0.3772],0.000173368148366799,0.95648528286655
255,1676.191318982721,0.000711931851307534,1.0207572494887245,0.0041852635829028855,0.0019876811580113465,(5-3)qQ1e(4.5),1,True,[1676.19056075],[1.],0.0004997157922461144,0.9574271336536376
256,1677.6719843773467,0.0007000150217663758,1.480665394625703,0.0006170901200143716,0.0007467298380682085,CH4,1,True,[1677.67213435],[1.],0.002991431477000268,0.9478821481603035
257,1679.1715842300152,0.0007808366436793534,0.8004956262946052,0.0014460528609019192,0.0017023860458775292,CH4|H20,2,False,[1679.18869864 1679.16465308],[0.2685 0.7315],0.014030619739783725,0.9573354316665308
258,1679.9720798563098,0.0007864888722186584,0.8004956262946052,0.0010326522595835808,0.0005477520131619655,(5-3)qQ1e(5.5),1,True,[1679.97304752],[1.],2.234629414270307e-09,0.9462298420758812
259,1681.1755595613645,0.0007000150217663758,0.5320114165524501,0.00023724402770572398,0.00030823503753935766,CH4|CH4,2,True,[1681.19731672 1681.16762565],[0.2495 0.7505],2.08040984709837e-05,0.9567899085119411
260,1681.707570977917,0.0007000150217663758,0.3885083370905704,0.0010346763929985174,0.0011541356067162974,CH4|CH4|CH4,3,True,[1681.7119428  1681.69572349 1681.52328926],[0.6322 0.098  0.2697],0.00014227696642871992,0.9567549728361605
261,1682.0960793150075,0.0007000150217663758,0.3885083370905704,0.0023035695417998937,0.002737583562678312,CH4,1,True,[1682.09597232],[1.],0.0015444717564645537,0.9577533041840821
262,1682.5405888538376,0.0007000150217663758,0.4445095388300615,0.0013419938569209791,0.0016309287854595414,CH4,1,True,[1682.54138009],[1.],0.010102688141071998,0.9549180892263809
263,1683.195102899204,0.0007000150217663758,0.6545140453663407,0.0013832550363039409,0.0016659741083586755,CH4|H20,2,False,[1683.20341079 1683.17320148],[0.7519 0.2481],2.5493931383645634e-09,0.957091338127627
264,1685.8971608832803,0.0007000150217663758,0.9135196034253568,0.0054426341809468174,0.006055061416717275,CH4,1,True,[1685.89676381],[1.],0.0018138476637528942,0.9563107818805027
265,1686.8106804867057,0.0007000150217663758,0.8295178008115727,0.0003425833224120541,0.0004338958869918858,CH4,1,True,[1686.80939177],[1.],0.0,0.9578312380960531
266,1687.6401982875173,0.0007000150217663758,0.8295178008115727,0.002752015939474712,0.003067885699732211,H20|CH4,2,False,[1687.65706768 1687.62380408],[0.5162 0.4838],0.0008862532511979851,0.957578154029388
267,1688.5248422712928,0.0008554688131242194,0.40683545451315695,0.002613757432183101,0.0027293584247515376,H20|H20|CO2,3,False,[1688.53966674 1688.50307538 1688.41471279],[0.6861 0.0164 0.2976],0.011692626155353106,0.9578365893226887
268,1688.931677725806,0.0007099330842118456,0.38155646376981167,0.0036996554572828865,0.0042106782506238696,(4-2)pP2f(8.5)|H20,2,False,[1688.91349804 1688.93202447],[0.1035 0.8965],0.012474558242799572,0.9488717130843074
269,1689.3132341895757,0.0007000150217663758,0.38155646376981167,0.0012291230529922446,0.0014317413949681713,CO2,1,True,[1689.31486765],[1.],0.01175776607181761,0.9563028755419206
270,1690.3665619655887,0.000734628024437821,0.6044090908430917,0.17043043517812495,0.07054692314552374,(5-3)pP1f(2.5)|(5-3)pP1e(2.5),2,True,[1690.38566256 1690.35048106],[0.4996 0.5004],0.001064749850798323,0.9567675040321222
271,1690.9709710564318,0.000933981358414148,0.6044090908430917,0.0032478245897827663,0.0035955802948798433,(4-2)pP1f(9.5)|(5-3)qQ1f(7.5)|H20|CO2,4,False,[1691.02494569 1690.90362654 1690.97583455 1690.96603888],[0.1639 0.0461 0.1896 0.6004],0.0006159889206285642,0.918572770047116
272,1692.0117920985426,0.0007000150217663758,0.48301036502925854,0.0011018100992572788,0.0011897206555091802,CH4|CO2,2,False,[1692.01166185 1691.99566267],[0.9464 0.0536],3.482539950792999e-11,0.913524980984216
273,1692.494802463572,0.0007000150217663758,0.30450653447496734,0.0009515086806459357,0.0010988653376937567,CH4,1,True,[1692.49561947],[1.],0.00017956280798431636,0.9553266640080654
274,1692.7993089980469,0.0007000150217663758,0.30450653447496734,0.0021790283412159582,0.0024994082516113826,H20|CH4,2,False,[1692.81530365 1692.79810894],[0.1082 0.8918],3.5783485682941496e-05,0.9576897798108208
275,1693.4059883962295,0.0007074413914552584,0.32784065589748934,0.00036592627219817647,0.00044406835189539145,CO2|CH4,2,False,[1693.48044805 1693.39466046],[0.2117 0.7883],0.0005453630509954085,0.9572702139804695
276,1693.733829052127,0.0007000150217663758,0.32784065589748934,0.0047335144386533015,0.00492714974397808,CH4,1,True,[1693.73378306],[1.],0.001571981148868062,0.9571230700438923
277,1695.1443593210156,0.0007000150217663758,0.3659143177558235,0.011397419674403395,0.012311481237015262,CH4|CH4,2,True,[1695.14900379 1695.12596989],[0.7639 0.2361],0.00012522837256277432,0.9565439174922014
278,1695.5102736387714,0.0008658144031389247,0.34693460012181276,0.08512712489327194,0.035000848818974986,(5-3)pP2f(2.5)|(5-3)pP2e(2.5)|CO2,3,False,[1695.5145046  1695.50157326 1695.51780304],[0.4731 0.4737 0.0532],0.0009078506865873996,0.9563952894885319
279,1695.8572082388932,0.0007074413914552584,0.28117241305153584,0.006338296093036119,0.006999441375194455,CH4,1,True,[1695.85858276],[1.],0.009153237715773936,0.9567444805297173
280,1696.1383806519448,0.0007000150217663758,0.28117241305153584,0.008615594073830063,0.009617415613086098,CO2,1,True,[1696.13719085],[1.],0.004466612828857841,0.9578675262012531
281,1699.7437976765814,0.0007380193787004854,0.547422092083707,0.0022109837154423878,0.0025511271339191625,(5-3)qR12e(4.5)|CH4,2,False,[1699.77876163 1699.74347353],[0.0435 0.9565],0.0006586491934208932,0.9553566470305339
282,1700.291219768665,0.000708289718366194,0.547422092083707,0.019587676516117085,0.02118327658699116,CH4|CH4,2,True,[1700.32418721 1700.26600577],[0.4239 0.5761],0.007199816592597489,0.9510072084091993
283,1701.8330028541386,0.0007000150217663758,0.4795102899201993,0.008350657442340068,0.008513714743377237,CH4,1,True,[1701.83210565],[1.],0.008174389489864875,0.9382747199771717
284,1702.3125131440588,0.0007000150217663758,0.4795102899201993,0.005764516321861405,0.006203913248734689,CH4,1,True,[1702.31317839],[1.],0.012813870505405852,0.9543534175367713
285,1702.855024785939,0.0007000150217663758,0.5425116418800826,0.019694466672014653,0.02014308144702325,H20,1,True,[1702.85557019],[1.],0.00032069454938556585,0.9518253135857863
286,1704.017049722097,0.0007000150217663758,0.7315156977615516,0.005005437636632001,0.006469682497321494,CH4|CH4,2,True,[1704.06028728 1704.00197473],[0.2789 0.7211],0.0036627087354699976,0.9563212730528032
287,1704.7485654198586,0.0007000150217663758,0.7315156977615516,0.0006375523528656208,0.0008251684805121854,CH4,1,True,[1704.74867802],[1.],0.003448787859464014,0.9525467763602607
288,1707.0414784171037,0.0007234388170908164,1.2989653747947614,0.010477786809461785,0.010854490696091464,CH4|CH4,2,True,[1707.04642304 1706.90061856],[0.7867 0.2133],0.0201116860397834,0.9552463756084323
289,1708.3404437918985,0.0007230817393239796,1.2989653747947614,0.0008847444392925277,0.0009884529205967912,CH4,1,True,[1708.34250493],[1.],0.010216443936195922,0.9558186829822176
290,1709.65183831272,0.0011959962210186333,0.3503398456095965,0.0001480252297930438,7.973534897631427e-05,(4-2)oP12e(5.5)|H20,2,False,[1709.64748441 1709.66582296],[0.9351 0.0649],0.0032349873363362066,0.9575000206440787
291,1710.0021781583296,0.0007000150217663758,0.3503398456095965,0.02825388796899902,0.029354733308228617,CH4,1,True,[1710.00082938],[1.],0.00023544921464610394,0.95145439418097
292,1711.0737839127814,0.0007048902850421626,1.0716057544518662,0.0023587036013772234,0.003114869266335823,CH4,1,True,[1711.07521701],[1.],0.004924339280758663,0.952625776019982
293,1712.3647288568413,0.0007000150217663758,1.290944944059902,0.10286883577743434,0.04485517543455858,(5-3)pP1f(4.5)|(5-3)pP1e(4.5),2,True,[1712.41655603 1712.31590632],[0.4999 0.5001],4.602393045067427e-07,0.9572365335064847
294,1713.8487607030188,0.0007000150217663758,0.9940213309305364,0.0016892998498806405,0.001812458053446579,CO2,1,True,[1713.84987815],[1.],0.010135870715979248,0.9514538174234659
295,1714.8427820339493,0.0007000150217663758,0.4235090881779797,0.04282380076149433,0.043118080951864174,CO2,1,True,[1714.84256159],[1.],0.0013864751409371028,0.9566505586724765
296,1715.2662911221273,0.0007000150217663758,0.4235090881779797,0.0002132085678131774,0.0002586252573976555,CH4|CH4,2,True,[1715.27352757 1715.13669847],[0.7553 0.2447],0.002913873758817654,0.9524328311985454
297,1715.9628060687996,0.0007000150217663758,0.5880126182964887,0.005832029012505301,0.006073452376755621,CH4|CH4,2,True,[1715.9764659  1715.96107474],[0.1668 0.8332],0.00012076378266709344,0.9560792846536394
298,1716.5508186870961,0.0007000150217663758,0.4725101397025355,0.005082321489009601,0.006564074776959897,CH4,1,True,[1716.55196406],[1.],1.7677467775050666e-05,0.9550241421232647
299,1717.0233288267987,0.0007000150217663758,0.4725101397025355,0.03755593737519132,0.036620374001630214,H20,1,True,[1717.0226248],[1.],4.3343780959280346e-07,0.9443490024696302
300,1717.5196692192599,0.0009323343414401107,0.49634039246120665,5.606569229573018e-05,4.5729511549744786e-05,(6-4)rR1e(8.5)|(6-4)rR1f(8.5)|CH4|CO2,4,False,[1717.53993178 1717.49326678 1717.52752295 1717.4879769 ],[0.4098 0.402  0.1218 0.0664],0.017771706665871533,0.958296162645982
301,1718.4723599218855,0.0007000150217663758,0.42687553973064496,0.008969846038614433,0.009343171732252796,CH4,1,True,[1718.47141967],[1.],7.773760318803827e-05,0.9576249252358907
302,1718.8992354616162,0.000711931851307534,0.42687553973064496,0.00019604034228354163,0.0001549887339348501,(6-4)rR1e(7.5)|(6-4)rR1f(7.5)|H20,3,False,[1718.92703268 1718.87235723 1718.93007289],[0.5055 0.4831 0.0114],0.00033702596948867355,0.9437106669203261
303,1719.7522817845734,0.0008718466608817156,0.25690249568674517,0.003225705531380235,0.00405845402269871,(6-4)rR2f(6.5)|CH4,2,False,[1719.65301224 1719.75611107],[0.0915 0.9085],0.01326251025241948,0.9571532542348351
304,1720.0091842802601,0.0007094974601343774,0.25690249568674517,0.0004003995117978245,0.0005175075993589667,CH4|CH4,2,True,[1720.01283907 1719.75611107],[0.1075 0.8925],0.0003754288693639499,0.9544305015186056
305,1721.032264855469,0.0007588720477191768,1.023080575208951,0.03024184376715641,0.015187569437265585,(5-3)pP2e(4.5)|(5-3)pP2f(4.5),2,True,[1721.05301274 1721.01074972],[0.499 0.501],0.005836031473749543,0.9534717801059917
306,1722.1411093400711,0.0013092063410651232,0.49546408055221036,0.0074723269127436615,0.0076221750567664875,(6-4)rR2f(5.5)|(6-4)rR2e(5.5)|CO2,3,False,[1722.22627263 1722.16820221 1722.13477593],[0.1371 0.1383 0.7246],0.0003352083440893848,0.9559268764678389
307,1722.6365734206233,0.0007271440757418384,0.3053824153375899,0.00026954104664383554,0.00036223736498531336,H20,1,True,[1722.63402965],[1.],0.00455040191958427,0.9514257739819327
308,1722.941955835961,0.0007000150217663758,0.3053824153375899,0.012554629736599524,0.012683724183488215,CO2,1,True,[1722.94340962],[1.],2.6885023536633747e-05,0.9534657067123006
309,1723.259296266532,0.0007237264062994958,0.3173404305709937,0.005388537073936596,0.0058327809288417935,CH4|CH4,2,True,[1723.36035975 1723.24837834],[0.2309 0.7691],0.001250205572898919,0.9528090642491194
310,1724.3052350908824,0.0007082897183351984,1.0459388243505146,0.0037372281149914053,0.0023469995541578774,(6-4)rR1e(5.5)|(6-4)rR1f(5.5),2,True,[1724.33566597 1724.27575388],[0.4858 0.5142],8.317285436594542e-05,0.9060703279254879
